NAME,G,GS,MP,FG,FGA,FG%,2P,2PA,2P%,3P,3PA,3P%,FT,FTA,FT%,ORB,DRB,TRB,AST,STL,BLK,TOV,PF,PTS,SOS,BUST
Kevin Durant,35,35,35.9,8.7,18.5,0.473,6.4,12.7,0.505,2.3,5.8,0.404,6,7.3,0.816,3,8.1,11.1,1.3,1.9,1.9,2.8,2,25.8,6.12,1
Damian Lillard,32,32,34.5,7.2,15.5,0.467,4.3,8.3,0.517,2.9,7.2,0.409,7.1,8,0.887,0.5,4.5,5,4,1.5,0.2,2.3,1.9,24.5,-3.65,1
John Wall,37,37,34.8,5.5,11.8,0.461,4.5,8.8,0.509,1,3.1,0.325,4.7,6.3,0.754,0.8,3.5,4.3,6.5,1.8,0.5,4,1.9,16.6,6.82,1
Rudy Gay,33,33,30.8,5.7,12.3,0.461,4.8,9.6,0.5,0.8,2.7,0.318,3.1,4.2,0.732,2,4.4,6.4,2.1,1.8,1.6,2.5,2.3,15.2,6.57,1
Brandon Roy,33,33,31.7,6.9,13.6,0.508,5.7,10.7,0.537,1.2,2.9,0.402,5.2,6.4,0.81,2.1,3.5,5.6,4.1,1.4,0.8,2.3,2.5,20.2,5.96,1
Blake Griffin,35,35,33.3,8.6,13.1,0.654,8.5,12.9,0.659,0.1,0.2,0.375,5.5,9.3,0.59,3.9,10.5,14.4,2.3,1.1,1.2,3.3,2.5,22.7,6.88,1
Derrick Rose,40,39,29.2,5.2,10.9,0.477,4.3,8.3,0.521,0.9,2.6,0.337,3.7,5.1,0.712,1.4,3.2,4.5,4.7,1.2,0.4,2.7,1.7,14.9,5.76,1
Lamarcus Aldridge,37,37,33.7,5.9,10.4,0.569,5.9,10.4,0.569,0,0,0,3.2,4.9,0.646,3.6,5.5,9.2,0.5,1.4,2,1.6,2.5,15,6.99,1
Stephen Curry,34,34,33.7,9.2,20.2,0.454,5.4,10.3,0.519,3.8,9.9,0.387,6.5,7.4,0.876,0.6,3.8,4.4,5.6,2.5,0.2,3.7,2.4,28.6,-3.33,1
Russell Westbrook,39,34,33.8,4.7,10,0.465,4,8.1,0.497,0.7,2,0.338,2.7,3.8,0.713,1.6,2.4,3.9,4.3,1.6,0.2,2.5,2.4,12.7,7.71,1
Kyrie Irving,11,8,27.5,5,9.5,0.529,3.4,5.9,0.569,1.6,3.5,0.462,5.8,6.5,0.901,0.5,2.8,3.4,4.3,1.5,0.5,2.5,2.1,17.5,8.32,1
Demar Derozan,35,35,33.4,5.5,10.5,0.523,5.3,9.5,0.562,0.2,1,0.167,2.7,4.2,0.646,2.4,3.3,5.7,1.5,0.9,0.4,2.1,2.1,13.9,9.15,1
Eric Gordon,32,32,34.7,5.8,13.3,0.433,3.6,6.8,0.525,2.2,6.5,0.337,7.2,8.7,0.834,0.7,2.5,3.3,2.4,1.3,0.6,3.6,2.2,20.9,6.08,1
Anthony Davis,40,40,32,5.3,8.4,0.623,5.2,7.9,0.653,0.1,0.5,0.15,3.6,5.1,0.709,3,7.4,10.4,1.3,1.4,4.7,1,2,14.2,7.93,1
Kemba Walker,41,41,37.6,7.7,18,0.428,5.9,12.5,0.471,1.8,5.5,0.33,6.3,7.7,0.819,1.3,4.1,5.4,4.5,1.9,0.2,2.3,1.4,23.5,10.44,1
Al Horford,38,36,27.8,4.9,8.1,0.608,4.9,8,0.612,0,0.1,0,3.4,5.3,0.644,2.5,6.9,9.5,2.2,0.7,1.8,1.8,2.5,13.2,7.34,1
Tyreke Evans,37,35,29,6.2,13.6,0.455,5.3,10.3,0.514,0.9,3.4,0.274,3.7,5.2,0.711,1.3,4.1,5.4,3.9,2.1,0.8,3.6,2.4,17.1,4.63,1
Chandler Parsons,36,35,34.1,4.3,9,0.48,3.1,5.7,0.544,1.2,3.3,0.368,1.5,2.7,0.557,2.1,5.7,7.8,3.8,0.9,0.4,2.3,1.9,11.3,7.57,1
James Harden,35,35,35.8,6.3,12.9,0.489,4.7,8.3,0.564,1.7,4.7,0.356,5.8,7.7,0.756,1.4,4.2,5.6,4.2,1.7,0.3,3.4,2.8,20.1,7.82,1
Rajon Rondo,34,28,31,4.3,9,0.482,3.8,7,0.54,0.5,1.9,0.273,2,3.5,0.571,1.1,5.1,6.1,4.9,2,0.1,2.3,2.1,11.2,8.88,1
Brandon Knight,38,38,35.9,5.7,13.5,0.423,3.4,7.4,0.461,2.3,6.1,0.377,3.6,4.5,0.795,0.7,3.4,4,4.2,0.7,0.2,3.2,2.2,17.3,8.91,1
Bradley Beal,37,37,34.2,4.7,10.6,0.445,3,5.6,0.541,1.7,5,0.339,3.6,4.7,0.769,1.4,5.4,6.7,2.2,1.4,0.8,2.1,2.1,14.8,7.33,1
Kevin Love,39,38,29.6,5.8,10.4,0.559,5.1,8.3,0.611,0.7,2.1,0.354,5.1,6.6,0.767,3.6,7,10.6,1.9,0.7,1.4,2,1.9,17.5,7.71,1
Brook Lopez,27,25,30.8,6.8,14.6,0.468,6.8,14.3,0.475,0,0.2,0,5.7,7.2,0.789,2.9,5.3,8.2,1.4,0.6,2.1,2.1,2.4,19.3,6.95,1
Mike Conley,39,39,31.6,4.1,7.9,0.518,3.6,6.2,0.579,0.5,1.8,0.304,2.6,3.7,0.694,0.7,2.7,3.4,6.1,2.2,0.3,2.2,1.5,11.3,9.03,1
Klay Thompson,34,33,34.7,7.1,16.2,0.436,4.2,9,0.466,2.9,7.2,0.398,4.6,5.4,0.838,0.7,4.5,5.2,3.7,1.6,0.9,3.4,2.9,21.6,6.81,1
Jrue Holiday,35,35,27.1,3.2,7.1,0.45,2.4,4.6,0.528,0.8,2.5,0.307,1.3,1.8,0.726,1.3,2.5,3.8,3.7,1.6,0.5,2.1,2.1,8.5,7.19,1
Paul George,29,29,33.2,5.3,12.5,0.424,3.3,6.8,0.485,2,5.8,0.353,4.1,4.6,0.909,1.9,5.3,7.2,3,2.2,0.8,3.2,2.9,16.8,1.31,1
Jeff Green,37,37,33.3,5.3,10.3,0.513,4.3,7.7,0.559,1,2.6,0.375,2.7,3.5,0.775,1.7,4.7,6.4,3.2,0.8,1.2,2.6,2.5,14.3,9.48,1
Demarcus Cousins,38,37,23.5,5.4,9.7,0.558,5.4,9.6,0.565,0,0.2,0.167,4.3,7.1,0.604,4.1,5.8,9.8,1,1,1.8,2.1,3.2,15.1,6.82,1
Jimmy Butler,37,35,34.6,5.1,10.3,0.49,4.5,8.8,0.515,0.5,1.6,0.345,5.1,6.5,0.783,2.4,3.6,6.1,2.3,1.4,0.4,1.5,1.3,15.7,8.51,1
Wilson Chandler,34,32,31.7,5.7,12.7,0.45,4.6,9.2,0.494,1.1,3.4,0.333,2.1,3.1,0.654,1.9,5.1,6.9,1.4,0.6,1.4,1.6,2.8,14.6,8.53,1
O.J Mayo,33,32,36.8,7.2,16.2,0.442,4.5,9.7,0.464,2.7,6.5,0.409,3.7,4.6,0.803,1.1,3.5,4.5,3.3,1.5,0.4,3.5,2.4,20.7,8.59,1
Greg Monroe,34,34,34.2,5.9,11.3,0.525,5.7,10.5,0.545,0.2,0.8,0.259,4.1,6.1,0.66,2.2,7.5,9.6,3.8,1.2,1.5,3.3,2.6,16.1,9.56,1
Gordon Hayward,37,37,33.5,4.7,10.1,0.464,3.4,5.8,0.592,1.3,4.3,0.294,4.8,5.8,0.829,1.9,6.3,8.2,1.7,1.1,0.8,2.3,2.1,15.5,5.08,1
Thaddeus Young,31,31,29.6,5.7,11.9,0.478,4.5,8.9,0.498,1.3,3,0.419,1.7,2.3,0.743,2.3,2.5,4.9,2,1.3,0.4,2.2,2,14.4,9.36,1
Khris Middleton,20,17,28.8,5.1,12.3,0.415,4.1,8.5,0.485,1,3.9,0.26,2,2.6,0.75,1.3,3.7,5,2.3,1,0.3,2.2,1.9,13.2,6.54,1
Kyle Lowry,33,31,29.3,3.5,7.6,0.466,3.3,7.1,0.468,0.2,0.5,0.444,3.7,4.7,0.786,1.8,2.5,4.3,3.7,2.3,0.2,2.1,2.8,11,9.23,1
Nikola Vucevic,34,34,34.9,6.3,12.5,0.505,5.5,10.1,0.542,0.9,2.4,0.349,3.6,4.8,0.755,2.9,7.4,10.3,1.6,0.5,1.4,1.7,2.8,17.1,7.97,1
Kawhi Leonard,36,36,32.6,5.9,13.2,0.444,5.2,10.8,0.478,0.7,2.4,0.291,3.1,4,0.759,3.1,7.5,10.6,2.5,1.4,0.6,2.1,2.5,15.5,6.36,1
Ty Lawson,35,35,29.9,5.2,9.8,0.532,3.7,6.7,0.56,1.5,3.1,0.472,4.7,5.9,0.798,0.7,2.3,3,6.6,2.1,0.1,1.9,1.7,16.6,8.35,1
Andre Drummond,34,30,28.4,4.6,8.6,0.538,4.6,8.5,0.541,0,0.1,0,0.8,2.6,0.295,3.4,4.2,7.6,0.4,0.8,2.7,1.5,2.2,10,8.07,1
Joakim Noah,40,40,25.9,4.3,7.1,0.607,4.3,7.1,0.606,0,0,1,3.3,5,0.663,2.6,5.9,8.4,2.3,1.1,1.8,2.5,2.3,12,7.34,1
Darren Collison,35,35,31.5,5,9.8,0.509,3.8,6.9,0.558,1.2,3,0.394,3.2,3.6,0.897,0.5,1.9,2.4,4.7,1.6,0.1,2.5,1.5,14.4,7.19,1
Isaiah Thomas,35,35,31.9,5.4,12.1,0.445,3.7,7.1,0.512,1.7,4.9,0.349,4.3,6,0.719,0.7,2.8,3.5,6.1,1.3,0.1,3,2.1,16.8,7.74,1
Paul Millsap,33,33,34.1,7.8,13.7,0.571,7.7,13.3,0.578,0.2,0.4,0.357,3.8,6.2,0.623,6,7.3,13.3,1.1,1.9,2.3,2.5,3.1,19.6,2.55,1
George Hill,32,32,36.8,6.9,12.6,0.545,5.3,9.2,0.58,1.5,3.4,0.45,6.2,7.7,0.812,1.5,5.2,6.8,4.3,1.8,0.4,2.9,2.8,21.5,-2.41,1
Arron Afflolo,36,36,32.9,5.8,12.7,0.461,3.4,6.2,0.549,2.4,6.4,0.375,2.8,3.5,0.802,0.4,2.3,2.8,1.9,0.6,0.2,1.8,1.8,16.9,9.84,1
Evan Turner,31,31,35.7,7.6,14.7,0.519,7,13,0.54,0.6,1.8,0.364,4.5,5.9,0.754,2,7.2,9.2,6,1.7,0.9,4.4,2.8,20.4,7.37,1
Tristan Thompson,36,34,30.7,4.8,8.8,0.546,4.8,8.8,0.546,0,0,0,3.5,7.3,0.487,3.8,4,7.8,1.3,0.9,2.4,1.8,2.8,13.1,7.96,1
Dion Waiters,37,0,24.1,4.6,9.6,0.476,3.5,6.6,0.529,1.1,3.1,0.363,2.3,3.2,0.729,0.5,1.8,2.3,2.5,1.8,0.3,1.3,1.9,12.6,8.02,1
Tobias Harris,37,0,24.1,4.6,9.6,0.476,3.5,6.6,0.529,1.1,3.1,0.363,2.3,3.2,0.729,0.5,1.8,2.3,2.5,1.8,0.3,1.3,1.9,12.6,8.02,1
Rodney Stuckey,29,29,33.3,7.8,17.3,0.453,6.3,11.7,0.541,1.5,5.6,0.267,7.4,8.8,0.846,1.2,3.4,4.7,5.5,2.4,0.3,3.4,2.3,24.6,-2.94,1
Harrison Barnes,38,37,29.2,6,13.7,0.44,4.7,10.1,0.469,1.3,3.6,0.358,3.7,5.1,0.723,1.9,3.3,5.2,1.1,1.1,0.3,1.9,1.8,17.1,7.07,1
Al Thorton,35,35,31.2,7,13.1,0.53,5.9,10.8,0.549,1,2.3,0.444,4.7,6,0.79,3,4.1,7.2,0.7,1.5,1.1,2.5,2.7,19.7,8.63,1
P.J. Tucker,37,37,34.5,6.1,11.8,0.515,6,11.7,0.514,0.1,0.1,0.667,3.8,5.1,0.747,2.8,6.7,9.5,2.9,1.8,0.4,3.1,2.8,16.1,6.99,1
Patrick Beverley,35,33,33.8,3.9,9.4,0.412,2,4.5,0.449,1.9,4.9,0.378,2.4,3.8,0.644,1.2,5.4,6.6,2.4,1.3,0.5,2,2.4,12.1,6.73,1
Courtney Lee,36,36,30,7.2,15.1,0.477,5.3,10.3,0.515,1.9,4.8,0.397,4.1,5,0.822,1.3,3.5,4.9,2.1,1.8,0.8,2.3,2.4,20.4,0.24,1
Mario Chalmers,39,38,30,4.2,8.2,0.516,2.3,4.2,0.562,1.9,4,0.468,2.5,3.3,0.746,0.4,2.7,3.1,4.3,2.5,0.6,1.9,2.5,12.8,8.2,1
Avery Bradley,34,32,29.5,4.7,10.8,0.432,3.4,7.5,0.457,1.2,3.3,0.375,1.1,1.9,0.545,1,1.9,2.9,2.1,1.3,0.5,1.5,2.4,11.6,7.38,1
DeAndre Jordan,35,21,20.1,3.2,5.2,0.617,3.2,5.2,0.617,0,0,0,1.5,3.4,0.437,1.9,4.1,6,0.4,0.2,1.3,1.6,1.9,7.9,7.46,1
Kenneth Faried,35,34,34.7,6.7,10.7,0.623,6.7,10.7,0.623,0,0,0,4,6.9,0.577,5.7,8.8,14.5,1.1,1.9,2.3,2.6,3.1,17.3,-3.13,1
Randy Foye,33,33,34.7,6.8,16.7,0.411,4.2,9,0.463,2.7,7.7,0.35,4.1,5.2,0.791,1.6,4.1,5.8,3,1.4,0.6,2.2,2.2,20.5,9.23,1
Gerald Henderson,37,36,29.7,5.8,12.8,0.45,4.6,9.5,0.49,1.1,3.3,0.336,3.9,5.1,0.761,1.2,3.7,4.9,2.5,1.2,0.8,2.2,1.7,16.5,9.07,1
Michael Kidd-Gilchrist,40,39,31.1,4,8.2,0.491,3.7,6.9,0.535,0.3,1.3,0.255,3.6,4.8,0.745,2.6,4.9,7.4,1.9,1,0.9,2.2,2.4,11.9,7.93,1
Jeff Teague,31,31,32,5.8,12,0.485,4.4,8.7,0.502,1.5,3.3,0.441,5.8,7.1,0.817,0.5,2.8,3.3,3.5,1.9,0.6,3.4,2.2,18.8,7.36,1
Ryan Anderson,33,33,32.8,7,14.2,0.49,5,9.5,0.53,1.9,4.7,0.41,5.2,6,0.869,3,6.9,9.9,1.4,0.4,0.5,2.2,2.2,21.1,8.45,1
Derrick Favors,36,35,27.5,5,8.1,0.611,5,8.1,0.613,0,0,0,2.5,4,0.629,3,5.4,8.4,1,0.9,2.1,2.5,2.6,12.4,9.02,1
Eric Bledsoe,37,35,30.3,3.9,8.4,0.462,2.6,5,0.516,1.3,3.5,0.383,2.2,3.3,0.667,0.5,2.6,3.1,2.9,1.4,0.3,3,2.2,11.3,6.82,1
Roy Hibbert,34,34,26.3,5.3,8.6,0.609,5.2,8.6,0.605,0.1,0.1,1,2.7,4.2,0.646,2.2,4.1,6.4,1.9,0.5,2.2,1.7,2.7,13.4,7.23,1
Iman Shumpert,31,31,32,5.7,14.1,0.406,4.4,9.2,0.474,1.4,4.9,0.278,4.5,5.6,0.806,1.7,4.2,5.9,3.5,2.7,0.2,2.3,2.8,17.3,5.68,1
Draymond Green,37,36,33.2,5.7,12.8,0.449,4.3,9.1,0.473,1.4,3.6,0.388,3.4,4.7,0.723,2.1,8.5,10.6,3.8,1.5,0.9,3,2.8,16.2,9.82,1
Markieff Morris,38,34,24.4,5.1,8.7,0.589,4.5,7.2,0.625,0.7,1.6,0.424,2.7,4,0.673,2.7,5.6,8.3,1.4,0.8,1.1,2.1,2.8,13.6,7.62,1
Jason Thompson,34,34,34.6,8.1,14.4,0.56,7.8,13.4,0.578,0.3,1,0.324,3.9,6.7,0.581,3.4,8.8,12.1,2.7,1.1,2.7,2.9,2.9,20.4,-3.72,1
Corey Brewer,37,37,28.5,4.6,9.6,0.475,3.5,6.4,0.544,1.1,3.2,0.336,3,4.2,0.723,1.1,3.6,4.7,2.9,1.9,0.4,2.5,1.9,13.2,7.34,1
Lance Stephenson,34,32,28.2,4.8,10.8,0.44,4.3,8.7,0.495,0.5,2.1,0.219,2.3,3.5,0.664,1.9,3.5,5.4,2.5,0.9,0.2,2.4,1.9,12.3,8.45,1
Taj Gibson,35,35,33.7,5.4,9,0.601,5.4,9,0.601,0,0,0,3.4,5.2,0.659,3.5,5.5,9,1.3,1,2.9,2.1,2.9,14.3,9.15,1
Jared Sullinger,37,36,30.4,6.2,11.9,0.519,5.7,10.8,0.531,0.4,1.1,0.4,4.7,6.2,0.768,3.1,6.1,9.2,1.2,1.2,1.1,1.9,2.9,17.5,9.07,1
Wesley Johnson,28,8,10.7,0.6,1,0.571,0.6,1,0.571,0,0,0,0.8,1.3,0.629,0.8,1.1,1.9,0.2,0.3,0.3,0.4,1.8,1.9,-2.59,1
Danny Green,38,38,27.4,4.8,10.3,0.471,2.8,5.4,0.517,2,4.8,0.418,1.4,1.6,0.852,1.8,2.8,4.7,2.7,1.8,1.3,1.7,2.2,13.1,8.35,1
Marcus Morris,38,35,28.3,6.3,11.1,0.57,5.6,9.1,0.62,0.7,2,0.342,3.9,5.7,0.688,2.6,5,7.6,1.6,0.8,0.6,1.8,2.6,17.2,7.62,1
Jordan Crawford,35,34,32.8,7.4,16.1,0.462,5.2,10.3,0.501,2.3,5.8,0.391,3.4,4.4,0.773,1,3.8,4.7,2.9,1.3,0.2,2.4,1.6,20.5,5.94,1
J.J. Redick,36,36,37.1,8.4,17.9,0.47,4.5,8.7,0.521,3.9,9.2,0.421,6.1,7.1,0.863,0.2,1.8,2,2.6,1.4,0.1,2.5,1.5,26.8,8.77,1
Michael Beasley,33,33,31.5,9.3,17.5,0.532,8.2,14.6,0.562,1.1,2.9,0.379,6.5,8.5,0.774,4,8.4,12.4,1.2,1.3,1.6,2.9,2.6,26.2,7.79,1
Jodie Meeks,36,36,34.4,7.3,15.8,0.463,4.1,7.8,0.521,3.3,8,0.406,5.9,6.5,0.902,0.5,2.9,3.4,1.8,1.3,0.1,2.7,1.9,23.7,4.82,1
Ramon Sessions,34,33,30.2,4.1,9.1,0.452,3.6,7.6,0.465,0.6,1.5,0.38,3.5,4.2,0.825,1.1,3.6,4.7,4.7,0.9,0.2,2.5,1.2,12.3,1.09,1
Jared Dudley,30,30,38.4,6.5,11.6,0.562,5.2,8.6,0.602,1.3,2.9,0.443,4.7,6.4,0.743,3,5.2,8.3,3,1.4,0.3,2.6,2.2,19,9.21,1
D.J. Augustin,38,38,37.3,6.4,14.5,0.439,4.4,9.4,0.471,1.9,5.1,0.381,4.6,5.8,0.783,0.5,2.4,2.9,5.8,1.2,0,2.8,1.6,19.2,8.59,1
Terrence Jones,38,34,29.3,4.7,9.3,0.5,4.2,8,0.528,0.4,1.3,0.327,2.6,4.2,0.627,2.5,4.6,7.2,1.3,1.3,1.8,1.6,2.4,12.3,7.93,1
Hassan Whiteside,34,23,26.1,4.9,9.4,0.524,4.8,9.2,0.522,0.1,0.1,0.6,3.2,5.5,0.588,2.7,6.2,8.9,0.3,0.6,5.4,1.9,2.4,13.1,1.57,1
Reggie Jackson,34,32,34.1,6.4,12.8,0.503,4.4,7.8,0.556,2.1,5,0.42,3.2,4,0.796,1,3.3,4.3,4.5,1.1,0.5,2.4,1.7,18.2,7.31,1
Patrick Patterson,38,38,33,5.7,9.8,0.575,5,8,0.626,0.6,1.8,0.348,2.4,3.4,0.692,3.1,4.4,7.4,0.9,0.7,1.3,1.1,1.6,14.3,6.82,1
Greivis Vasquez,33,32,33.9,6.7,15.5,0.429,4.6,9.7,0.47,2.1,5.8,0.359,4.2,4.9,0.857,1.2,3.5,4.6,6.3,1.7,0.4,3.4,2.1,19.6,7.95,1
Marcus Thorton,35,35,31.9,7.3,15.5,0.472,5.1,9.7,0.522,2.2,5.7,0.388,4.3,5.7,0.745,2,3.5,5.5,2.1,1.6,0.4,1.8,2.1,21.1,3.27,1
Landry Fields,32,32,36.3,7.8,15.8,0.49,6.8,13.1,0.521,0.9,2.7,0.337,5.6,8,0.696,2.5,6.2,8.8,2.8,1.6,0.8,2.6,2,22,6.5,1
Kyle Singler,37,37,34.8,5.9,13.8,0.43,4.2,8.5,0.497,1.7,5.2,0.321,3.4,4.2,0.806,2.4,4.5,6.8,1.6,0.9,0.3,1.9,2.6,16.9,8.32,1
Daniel Gibson,37,37,33.2,4.4,10.9,0.405,1.7,3.7,0.456,2.7,7.2,0.38,1.9,2.6,0.726,1.1,2.5,3.6,3.1,1.3,0.3,1.9,2.4,13.4,6.99,1
Terrence Ross,35,35,31.1,6.1,13.4,0.457,4.1,7.9,0.518,2.1,5.5,0.371,2.1,2.7,0.766,1.4,5.1,6.4,1.4,1.3,0.9,2,2.8,16.4,5.27,1
Spencer Hawes,31,24,28.9,6.2,11.7,0.532,6.2,11.6,0.533,0,0.1,0.333,2.4,3.2,0.755,2,4.4,6.4,1.9,0.5,1.7,2.5,2.3,14.9,6.5,1
Al-Farouq Aminu,31,30,31.3,5.4,12.1,0.447,4.8,9.9,0.484,0.6,2.1,0.273,4.5,6.4,0.698,4.3,6.4,10.7,1.3,1.4,1.4,3.2,2.9,15.8,8.85,1
Nick Young,37,36,33.2,6.5,12.3,0.525,5.3,9.6,0.549,1.2,2.7,0.44,3.4,4.3,0.786,1.2,3.4,4.6,1.4,0.7,0.3,2.4,2.5,17.5,7.87,1
Luc Mbah a Moute,33,33,29,3.5,7.4,0.478,3.4,6.7,0.509,0.2,0.8,0.2,1.5,2.2,0.689,2.2,3.8,6,1.5,1,0.5,1.9,1.7,8.8,7.71,1
Ronnie Brewer,32,31,34.8,6.2,14,0.441,4.6,9.3,0.493,1.6,4.7,0.338,4.5,6,0.75,1.2,3.6,4.8,3.3,2.6,0.5,2.2,1.4,18.4,6.17,1
Alec Burks,38,37,31.4,6.6,14.1,0.469,5.9,11.6,0.508,0.7,2.5,0.292,6.6,7.9,0.825,2.4,4.1,6.5,2.9,1.1,0.3,2.6,2.3,20.5,5.61,1
Jonny Flynn,38,38,37.3,5.8,12.5,0.46,4.6,8.8,0.521,1.2,3.7,0.317,4.7,6,0.786,0.6,2.2,2.7,6.7,1.4,0.2,3.4,1.4,17.4,9.48,1
Norris Cole,36,36,35.7,7,15.9,0.439,5.6,11.8,0.473,1.4,4.1,0.342,6.3,7.4,0.853,0.8,5.1,5.8,5.3,2.2,0.1,2.7,2.4,21.7,1.74,1
Aaron Brooks,35,35,36.8,6.1,13.2,0.46,3.8,7.6,0.502,2.3,5.7,0.404,3.3,3.9,0.846,0.9,3.4,4.3,4.3,1.4,0.2,2.5,2.5,17.7,6.3,1
Carl Landry,34,34,30.4,6.4,10.8,0.597,6.3,10.2,0.618,0.1,0.6,0.211,5.9,8.1,0.726,3,4.4,7.3,1.2,1.2,0.9,3,2.9,18.9,8.89,1
DeMarre Carroll,38,38,28,6.5,11.6,0.558,6.1,10.4,0.579,0.4,1.2,0.364,3.2,5,0.634,2.4,4.8,7.2,2.2,1.6,0.7,1.5,2.2,16.6,6.72,1
J.J. Hickson,31,26,28.7,5.3,8.9,0.591,5.3,8.9,0.593,0,0,0,4.3,6.3,0.677,2.6,5.9,8.5,1,0.7,1.5,2.7,1.9,14.8,9.06,1
Robin Lopez,36,30,24.5,3.9,7.3,0.534,3.9,7.3,0.533,0,0,1,2.4,3.7,0.652,2.6,3.1,5.7,0.6,0.5,2.3,1.8,2.6,10.2,6.95,1
Brandon Rush,38,30,29.7,4.7,10.9,0.435,2.6,5.9,0.448,2.1,5,0.419,1.8,2.3,0.779,1.5,3.6,5.1,2.1,0.8,0.8,1.8,1.6,13.3,8.2,1
Maurice Harkless,32,32,36.1,6,13.3,0.452,5.5,10.9,0.506,0.5,2.5,0.215,2.9,4.3,0.676,2.8,5.9,8.6,1.5,1.6,1.4,2.5,2.3,15.5,6.98,1
Derrick Williams,38,38,30,5.9,10,0.595,4.8,8.1,0.601,1.1,1.9,0.568,6.5,8.7,0.746,2.8,5.5,8.3,1.1,1,0.7,2.6,2.8,19.5,7.99,1
Ed Davis,23,23,27.9,4.8,8.3,0.578,4.8,8.3,0.578,0,0,0,3.8,5.7,0.659,2.9,6.7,9.6,1,0.4,2.8,2,1.8,13.4,9.83,1
Tony Wroten,35,27,30.3,5.7,12.8,0.443,5.4,11.2,0.483,0.3,1.6,0.161,4.4,7.5,0.583,2.3,2.7,5,3.7,1.9,0.4,3.8,2.7,16,5.27,1
Austin Rivers,34,33,33.2,5.1,11.8,0.433,3.4,7.1,0.477,1.7,4.7,0.365,3.6,5.4,0.658,0.6,2.8,3.4,2.1,1,0,2.3,2.2,15.5,8.4,1
Jerryd Bayless,30,30,35.7,5.8,12.6,0.458,3.8,7.8,0.489,2,4.8,0.407,6.2,7.4,0.839,0.4,2.3,2.7,4,1,0.1,3,2.2,19.7,10.22,1
Jae Crowder,35,35,32.9,6.2,12.5,0.498,4.5,7.4,0.602,1.7,5.1,0.345,3.4,4.6,0.735,2,6.4,8.4,2.1,2.5,1,1.3,2.7,17.5,7.5,1
Glen Davis,29,28,35,6.1,12.7,0.484,5.6,11,0.505,0.6,1.7,0.347,4.8,6.7,0.713,3.9,6.6,10.4,2.3,1.1,1,2.8,2.3,17.7,7.44,1
Dante Cunningham,38,38,31.6,6.4,12.2,0.525,6.4,12.2,0.527,0,0.1,0,3.3,4.7,0.697,2.6,4.9,7.5,1.2,1.2,1.2,2.2,2.7,16.1,8.72,1
Adam Morrison,33,32,36.5,9.3,18.7,0.496,7,13.5,0.523,2.2,5.2,0.428,7.3,9.4,0.772,1.4,4.1,5.5,1.7,1.1,0.3,2.3,2,28.1,5.02,1
Trevor Booker,32,32,30.8,5.9,11.3,0.521,5.6,10.2,0.547,0.3,1.1,0.265,3.2,5.3,0.591,2.8,5.6,8.4,2.5,1.3,1.4,1.9,2,15.2,7.9,1
Larry Sanders,35,32,26.9,5.6,10.5,0.534,5.5,10,0.547,0.1,0.5,0.25,3.1,4.8,0.641,3,6.1,9.1,1,0.7,2.6,1.7,2.9,14.4,0.64,1
Chase Budinger,35,35,37.6,6.3,13,0.48,4.3,8.2,0.528,1.9,4.8,0.399,3.6,4.5,0.801,1.4,4.8,6.2,3.4,1.4,0.5,2.4,1.9,18,8.8,1
Chris Douglas-Roberts,40,40,28.7,6.5,12,0.541,5.4,9.3,0.578,1.1,2.7,0.413,4,5.7,0.712,1.3,2.8,4.1,1.8,1.2,0.5,2.1,1.7,18.1,5.76,1
Tyrus Thomas,32,21,25.9,4.8,7.8,0.608,4.7,7.8,0.606,0,0,1,2.8,4.3,0.657,2.8,6.4,9.2,1.3,1,3.1,1.8,2.6,12.3,8.77,1
Wayne Ellington,38,37,30.4,5.7,11.7,0.483,3.4,6.3,0.539,2.2,5.4,0.417,2.3,2.9,0.777,1.5,3.4,4.9,2.7,0.9,0.2,1.6,1.5,15.8,8.35,1
Jordan Farmar,37,37,30.4,4.6,11.4,0.41,2.9,6.2,0.472,1.7,5.1,0.333,2.5,3.4,0.717,0.6,2,2.6,5.1,1.1,0.2,3.6,1.7,13.5,8.27,1
Jeff Taylor,36,36,32.1,5.8,11.8,0.493,4,7.5,0.533,1.8,4.3,0.423,2.6,4.4,0.605,2.1,3.4,5.6,1.7,1.3,0.4,2.2,1.9,16.1,8.04,1
Greg Oden,32,31,28.9,5.9,9.6,0.616,5.9,9.6,0.616,0,0,0,3.8,6.1,0.628,3.5,6,9.6,0.7,0.6,3.3,2,2.7,15.7,9.03,1
Josh McRoberts,33,32,35.3,5,9.9,0.502,4.8,9.2,0.523,0.2,0.7,0.217,2.9,4.4,0.664,2.1,5.8,7.9,3.5,1.2,2.5,2.4,2.5,13,10.49,1
Kendall Marshall,36,35,33,2.9,6.3,0.467,2.1,4.1,0.527,0.8,2.2,0.354,1.5,2.2,0.696,0.2,2.4,2.6,9.8,1.2,0.2,2.8,1.6,8.1,7.07,1
JaVale McGee,33,31,27.3,5.7,10.8,0.529,5.3,9.5,0.556,0.4,1.3,0.333,2.2,4.3,0.525,2.5,4.8,7.3,0.6,0.8,2.8,2.4,2.5,14.1,-0.11,1
Toney Douglas,35,35,36.5,6.8,15.3,0.446,4.4,9,0.489,2.4,6.3,0.385,5.4,6.6,0.81,0.8,3.1,3.9,2.9,1.8,0.4,2.5,2.2,21.5,7.91,1
Tyler Zeller,38,38,28.2,5.8,10.5,0.553,5.8,10.5,0.553,0,0,0,4.8,5.9,0.808,3.8,5.8,9.6,0.9,0.9,1.5,1.9,2.7,16.3,7.07,1
Terrence Williams,37,36,34.2,4.6,10.6,0.431,3,6.6,0.459,1.5,4,0.385,1.8,3.2,0.581,1.4,7.2,8.6,5,2.3,0.8,2.3,1.7,12.5,8.41,1
Jordan Hill,34,34,35.7,7.4,13.8,0.537,7.4,13.8,0.537,0,0,0,3.4,5.3,0.654,4.2,6.8,11,1.5,0.9,1.7,2.9,3,18.3,8.8,1
John Henson,35,34,29.1,5.9,11.7,0.5,5.9,11.7,0.5,0,0,0,2,3.9,0.511,2.5,7.4,9.9,1.3,0.6,2.9,1.3,1.6,13.7,7.07,1
Stephane Lasme,33,33,30.6,5,8.2,0.611,5,8.2,0.611,0,0,0,3.5,5.7,0.622,3.8,5.7,9.5,0.8,0.9,5.1,2.4,3.4,13.5,0.97,1
Kyle Weaver,35,35,33.1,3.9,8.5,0.463,3.3,6.6,0.491,0.7,1.9,0.364,3.6,4.9,0.733,1.1,4.2,5.3,4.3,1.7,0.7,2.8,1.9,12.2,6.35,1
Derrick Byars,34,34,31.4,6.1,13.3,0.457,3.7,7,0.531,2.3,6.2,0.373,2.5,3.6,0.711,1.5,3.3,4.9,3.4,1.4,0.1,2.4,2.4,17,7.79,1
Lavoy Allen,33,33,33.9,4.7,9.7,0.48,4.5,9.2,0.49,0.2,0.5,0.294,2.1,3,0.697,2.7,5.9,8.6,2.3,0.7,1.8,1.6,2.3,11.6,4.23,1
Darrell Arthur,40,39,24.7,5.4,9.9,0.543,5.3,9.6,0.555,0.1,0.3,0.167,2,2.9,0.702,2.3,4,6.3,0.8,0.5,1.3,1.9,3,12.8,8.2,1
Daequan Cook,39,1,19.7,3.6,8.1,0.445,2.2,4.8,0.465,1.4,3.3,0.415,1.2,1.7,0.697,0.7,3.6,4.3,1,0.7,0.3,1.4,1.7,9.8,9.03,1
James Johnson,31,31,30.5,6,11.1,0.542,5.3,8.9,0.598,0.7,2.2,0.319,2.2,3.2,0.697,2.5,6,8.5,2,1.4,1.5,2.4,2.9,15,7.36,1
Byron Mullens,33,2,20.3,3.6,5.7,0.638,3.6,5.7,0.642,0,0,0,1.6,2.8,0.559,1.7,3,4.7,0.3,0.5,1.1,1.5,2.1,8.8,8.23,1
Sonny Weems,34,34,31.4,5.8,12.5,0.464,4.2,8.2,0.513,1.6,4.3,0.37,1.8,2.2,0.803,1.6,2.8,4.5,2.6,1.3,0.2,2.8,2.2,15,6.73,1
Will Barton,35,34,35.3,6.6,12.9,0.509,5.5,9.9,0.559,1.1,3.1,0.346,3.8,5.1,0.749,2,6,8,2.9,1.4,0.7,2.1,2.1,18,5.26,1
Quincy Pondexter,36,36,32.3,6.8,12.9,0.528,6.3,11.5,0.55,0.5,1.4,0.353,5.2,6.3,0.827,3,4.4,7.4,1.8,1.3,0.6,1.9,2.5,19.3,7.49,1
Shannon Brown,34,34,35.2,5.9,12.7,0.467,4.1,7.9,0.513,1.9,4.8,0.39,3.4,4.1,0.83,1.1,3.3,4.4,2.7,1.5,0.1,2.5,2.3,17.2,7.27,1
Miles Plumlee,34,16,20.5,2.6,4.3,0.61,2.6,4.3,0.61,0,0,0,1.4,2.2,0.632,2.9,4.2,7.1,0.5,0.5,0.9,1.2,2.3,6.6,8.4,1
Cory Joseph,36,36,32.4,3.8,8.9,0.422,2.3,5.4,0.429,1.4,3.5,0.413,1.4,2,0.699,0.6,2.9,3.6,3,1,0.3,1.5,1.8,10.4,7.96,1
Chris Singleton,28,25,29.1,4.4,10.2,0.434,3.2,6.8,0.466,1.3,3.4,0.368,3,4.5,0.667,2.1,4.8,6.8,1.2,2,1.5,2.2,3.2,13.1,6.45,1
MarShon Brooks,32,31,36.5,8.6,17.8,0.483,6.5,11.7,0.559,2.1,6.2,0.34,5.3,6.8,0.772,2.3,4.8,7,2.5,1.5,1.2,3.1,2.5,24.6,6.44,1
Josh Boone,34,32,27.1,4,7.1,0.564,4,7.1,0.564,0,0,0,2.2,4.1,0.547,3.1,3.9,7,0.6,0.4,2,1.2,2.1,10.3,6.57,1
James Anderson,33,33,34.1,6.8,15,0.457,4.6,8.4,0.549,2.2,6.6,0.341,6.3,7.8,0.81,1.9,3.9,5.8,2.4,1.4,0.6,2.4,2.7,22.3,6.97,1
Jason Smith,30,28,30.2,5.8,10.1,0.579,5.8,10,0.585,0,0.1,0,5.1,6.7,0.77,3.3,6.9,10.1,1.9,0.5,1.6,3.4,3.1,16.8,3.71,1
E'Twaun Moore,34,33,33.9,6.5,14.5,0.447,4.4,9.4,0.473,2.1,5.1,0.4,2.9,4.1,0.709,1.5,3.6,5.1,3.2,1.2,0.5,1.8,2.1,18,8.69,1
Shawne Willaims,36,34,27.8,4.3,10.4,0.416,3,6.1,0.489,1.3,4.3,0.312,3.2,4,0.786,1.7,4.4,6.2,1.9,1.4,1.4,2.3,2.9,13.2,4.24,1
Craig Smith,36,36,36.3,6.8,11.8,0.573,6.7,11.4,0.587,0,0.3,0.083,4.1,6.3,0.643,3.1,6.3,9.4,3,1.2,0.8,2.5,3,17.6,6.1,1
Tyler Hansbrough,34,34,30.3,6.6,12.8,0.514,6.3,12.1,0.521,0.3,0.7,0.391,7.3,8.7,0.841,3,5.1,8.1,1,1.2,0.4,1.9,2.3,20.7,8.35,1
Ekpe Udoh,36,36,35.1,5.3,10.8,0.49,5.1,10.1,0.505,0.2,0.7,0.269,3.1,4.5,0.685,3.6,6.2,9.8,2.7,0.8,3.7,2.4,2.4,13.9,8.03,1
Donte Greene,35,35,35.8,6.2,14.9,0.418,3.7,7.4,0.492,2.6,7.5,0.345,2.7,3.8,0.707,1.7,5.5,7.2,2,1.3,1.6,2.6,2.9,17.7,7.96,1
Jeremy Lamb,34,34,37.2,6.4,13.4,0.478,4.3,7.1,0.601,2.1,6.2,0.336,2.9,3.6,0.81,0.9,3.9,4.9,1.7,1.2,0.6,2,1.7,17.7,8.07,1
Shelvin Mack,38,37,32.1,5.3,13,0.408,3,6.5,0.462,2.3,6.5,0.354,3.2,4.1,0.769,0.7,3.8,4.5,3.4,0.8,0.1,2.4,1.7,16,5.02,1
Meyers Leonard,32,29,31.8,5.3,9.1,0.584,5.3,8.8,0.604,0,0.3,0.091,2.9,4,0.732,2.3,5.9,8.2,1.3,0.5,1.9,2.1,2.9,13.6,7.99,1
DeJuan Blair,35,35,27.3,6.5,10.9,0.593,6.5,10.9,0.593,0,0,0,2.8,4.6,0.605,5.6,6.8,12.3,1.2,1.5,1,1.3,2.7,15.7,8.61,1
Brandan Wright,37,37,27.4,6.2,9.5,0.646,6.2,9.5,0.646,0,0,0,2.4,4.2,0.567,2.1,4.1,6.2,1,1,1.8,1.6,1.5,14.7,9.3,1
Javaris Crittenton,32,31,31.3,4.9,11,0.45,3.8,7.8,0.488,1.1,3.2,0.356,3.4,4.3,0.783,0.9,2.8,3.7,5.8,2,0.1,3.9,2.1,14.4,9.36,1
Damion James,34,34,30.3,6.2,12.3,0.501,5.1,9.6,0.535,1.1,2.8,0.383,4.6,6.8,0.674,3.1,7.1,10.3,1,1.7,1.2,2,2.9,18,7.38,1
Justin Hamilton,33,32,30,4.8,9.7,0.494,4.7,9.3,0.503,0.1,0.4,0.25,3.2,4.2,0.781,3.3,3.9,7.2,0.9,0.8,1.3,1.7,2.5,12.9,5.51,1
Sam Young,36,36,31.8,7.3,14.4,0.502,5.8,10.4,0.552,1.5,4,0.372,3.2,4.3,0.74,1.9,4.3,6.3,1.1,1,0.8,2.4,1.7,19.2,8.61,1
Kosta Koufos,37,35,27.1,6,11.8,0.508,5.4,10.1,0.535,0.6,1.7,0.349,1.8,2.7,0.68,2.6,4,6.7,0.5,0.4,1.8,1.5,2.2,14.4,7.97,1
Patrick Mills,26,24,33.3,6.3,15.6,0.402,3.7,8,0.464,2.6,7.6,0.338,3.3,3.8,0.859,0.5,1.9,2.4,3.9,2.2,0.2,2.9,1.7,18.4,1.49,1
Xavier Henry,36,36,27.5,4.5,9.8,0.458,2.6,5.3,0.492,1.9,4.6,0.418,2.5,3.2,0.783,1.2,3.2,4.4,1.5,1.5,0.5,1.9,1.8,13.4,8.25,1
Mike Scott,32,32,31.2,6.7,11.9,0.563,6.5,11.3,0.577,0.2,0.6,0.3,4.3,5.4,0.808,2.2,6.1,8.3,1.2,0.7,0.5,2.1,1.8,18,4.23,1
Nick Calathes,36,35,33.3,5.7,11.8,0.482,3.7,6.6,0.555,2,5.2,0.39,3.8,5.3,0.707,0.9,4.5,5.3,6.4,1.9,0.2,3.3,1.9,17.2,3.88,1
Dominic McGuire,32,32,32.9,4.8,10.2,0.471,4.2,8.1,0.516,0.6,2.1,0.299,3.3,5.7,0.586,2.2,7.6,9.8,3.3,0.9,3.6,3.7,2.8,13.5,-0.14,1
Shelden Williams,36,36,33.3,6.6,11.4,0.578,6.5,11.2,0.582,0.1,0.2,0.333,5.6,7.5,0.744,3.3,7.4,10.7,1.1,1.7,3.8,2.5,3.2,18.8,8.77,1
Rodney Carney,37,29,27.8,5.9,13.6,0.436,3.2,6.6,0.484,2.8,7.1,0.391,2.5,3.6,0.712,1.5,2.7,4.3,1.3,1.3,0.7,1.5,2.3,17.2,4.24,1
Quincy Acy,38,38,29.7,4.2,7.2,0.577,4.1,7.1,0.576,0.1,0.1,0.6,3.6,4.6,0.782,2.6,4.8,7.4,1,0.9,1.8,1.9,3.1,12,8.03,1
D.J. White,33,33,33.5,6.5,10.8,0.605,6.5,10.7,0.607,0,0.1,0.333,4.3,6.2,0.689,3,7.3,10.3,0.8,0.8,1.6,1.9,2.5,17.4,6.08,1
Anthony Randolph,31,31,32.8,5.9,12.7,0.464,5.8,12.1,0.483,0.1,0.6,0.105,3.7,5.4,0.693,2.8,5.7,8.5,1.2,1.1,2.3,3,2.7,15.6,5.66,1
Marcus Williams,23,20,33.3,3.6,8.9,0.407,2.6,6.3,0.41,1,2.6,0.4,4.1,4.7,0.862,0.8,3.1,3.9,8.6,0.9,0.2,3.7,1.7,12.3,6.57,1
Marreese Speights,36,36,24.3,6,9.6,0.624,6,9.6,0.624,0,0,0,2.5,3.6,0.692,2.6,5.5,8.1,0.9,0.4,1.4,1.7,2.3,14.5,4.98,1
Mike Taylor,31,30,35,5.3,14.2,0.376,2.8,7.3,0.391,2.5,6.9,0.36,2.8,4.2,0.682,0.7,3.4,4.1,4.5,1.1,0.1,5.4,2.9,16,5.19,1
A.J. Price,35,35,31.8,4.9,11.9,0.408,2.5,6.1,0.413,2.3,5.8,0.402,2.7,3.7,0.721,0.6,2.9,3.5,4.7,0.7,0,2.7,1.3,14.7,8.57,1
Andrew Nicholson,32,32,30.1,6.9,12,0.571,6.2,10.4,0.593,0.7,1.7,0.434,4,5.2,0.776,2.6,5.8,8.4,1,0.7,2,2.5,2.8,18.5,2.84,1
Derrick Brown,35,35,29.5,4.9,9.6,0.504,3.7,7.1,0.53,1.1,2.6,0.433,2.9,3.9,0.741,2.3,3.7,6.1,1.9,0.7,0.9,1.7,2.5,13.7,4.65,0
Jordan Williams,33,33,32.5,6.5,12,0.538,6.5,12,0.538,0,0,0,4,6.9,0.575,3.7,8.1,11.8,0.6,0.7,1.4,1.6,2.4,16.9,5.76,0
Malcolm Lee,33,33,33.1,4.3,9.8,0.437,3.1,5.8,0.534,1.2,4,0.295,3.4,4.4,0.778,0.7,2.4,3.1,2,0.7,0.2,1.7,2.4,13.1,7.93,0
Mardy Collins,32,32,37.9,6.3,14.6,0.432,5,10.3,0.483,1.3,4.3,0.307,2.8,4.7,0.596,1.4,3.3,4.7,4,2.8,0.2,2,2.2,16.8,5.19,0
Eric Maynor,34,34,35.5,7.3,15.8,0.463,5.4,10.4,0.516,1.9,5.4,0.361,5.8,7.1,0.815,0.5,3.1,3.6,6.2,1.7,0.2,3,2.4,22.4,-0.65,0
Robert Sacre,33,33,26.3,3.5,6.9,0.511,3.5,6.9,0.515,0,0.1,0,4.5,6,0.761,2,4.3,6.3,0.7,0.4,1.4,1.8,2.2,11.6,3.25,0
Sean Williams,15,15,32.2,4.2,7.7,0.548,4.2,7.7,0.548,0,0,0,3.7,5.3,0.7,2.4,4.5,6.9,1.2,1.4,5,2.3,3.2,12.1,9.21,0
Robbie Hummel,35,35,32.2,5.5,13.3,0.417,3.5,7.9,0.44,2.1,5.4,0.383,3.2,3.9,0.825,1.6,5.6,7.2,1.9,0.7,1.2,0.9,2.1,16.4,8.05,0
Darius Miller,40,11,26.1,3.6,7.6,0.474,2.2,3.8,0.569,1.4,3.7,0.376,1.4,1.7,0.797,0.9,1.9,2.8,2.1,0.8,0.3,1.5,2.2,9.9,7.93,0
Festus Ezeli,26,22,23.2,3.4,6.3,0.539,3.4,6.3,0.539,0,0,0,3.2,5.3,0.604,2.4,3.5,5.9,0.3,0.4,2,2.2,3.2,10.1,8.04,0
Austin Daye,34,33,26.3,4.7,9.8,0.477,3.6,7.3,0.494,1.1,2.5,0.429,2.3,3.2,0.706,1.1,5.8,6.8,1.1,0.7,2.1,2.1,2.9,12.7,3.55,0
Kyle O'Quinn,36,36,31.3,5.7,9.9,0.573,5.5,9.1,0.61,0.2,0.9,0.188,4.3,6.2,0.696,3.2,7.2,10.3,1.4,0.7,2.7,2.6,3.3,15.9,-5.39,0
Jordan Hamilton,36,36,32.2,6.8,15.3,0.44,4.3,8.8,0.481,2.5,6.5,0.385,2.6,3.4,0.779,2,5.7,7.7,2.1,0.9,0.6,2.1,1.8,18.6,7.96,0
Renaldo Balkman,38,22,25.7,4,6.6,0.608,3.9,6.2,0.624,0.1,0.3,0.308,1.5,2.7,0.538,2.1,4.2,6.3,1.9,1.7,1.3,1.7,2.2,9.6,8.14,0
Leon Powe,27,27,35.3,6.6,13.3,0.496,6.5,13,0.5,0.1,0.3,0.333,7.2,10,0.719,3.3,6.8,10.1,1.4,0.9,0.6,2.4,2.5,20.5,8.84,0
Earl Clark,37,36,34.3,5.5,11.9,0.457,4.6,9.4,0.493,0.8,2.6,0.326,2.4,3.8,0.647,2.8,5.9,8.7,3.2,1,1.4,3.2,1.9,14.2,8.41,0
Thomas Robinson,39,39,31.8,6.7,13.3,0.505,6.5,12.9,0.505,0.2,0.4,0.5,4.2,6.1,0.682,2.9,9,11.9,1.8,1.1,0.9,2.7,2.7,17.7,9.93,0
Jon Leuer,34,34,33.5,6.7,14.2,0.47,5.1,9.9,0.513,1.6,4.3,0.37,3.3,3.9,0.843,1.7,5.6,7.2,1.6,0.5,0.9,1.6,2.2,18.3,9.42,0
Luke Babbitt,34,34,37.1,7.4,14.8,0.5,6.1,11.8,0.521,1.2,3,0.416,5.9,6.4,0.917,2.1,6.9,8.9,2.1,1,0.8,2.4,2.6,21.9,2.56,0
Elliot Williams,34,34,33.3,5.2,11.4,0.459,3.5,6.6,0.527,1.8,4.8,0.366,5.7,7.5,0.758,0.7,3.2,4,3.8,1.3,0.1,2.9,2,17.9,3.65,0
Quincy Miller,37,35,24.4,3.7,8.4,0.447,3.1,6.5,0.475,0.6,1.9,0.348,2.5,3.1,0.816,1.5,3.5,4.9,1.4,0.7,0.6,1.8,1.9,10.6,8.03,0
Jimmer Fredette,37,37,35.8,9.4,20.7,0.452,6,12.2,0.491,3.4,8.5,0.396,6.8,7.6,0.894,0.6,2.8,3.4,4.3,1.3,0,3.5,1.3,28.9,5.76,0
Julian Wright,38,37,27.6,5,9.1,0.549,4.9,8.8,0.562,0.1,0.3,0.231,1.9,3.1,0.613,2.5,5.3,7.8,2.2,1.4,1.3,2.4,2.5,12,6.86,0
John Jenkins,35,35,33.6,6.2,13.1,0.474,2.4,4.4,0.542,3.8,8.7,0.439,3.7,4.4,0.837,0.5,2.4,2.9,1.2,0.8,0.3,1.6,1.2,19.9,8.04,0
Alexander Johnson,29,28,24.9,4.4,8.1,0.54,4.1,7.1,0.573,0.3,1,0.31,4.1,5.9,0.706,2.6,4.9,7.4,0.7,1.1,1,2.8,3.2,13.2,4.86,0
Acie Law,34,34,33.9,6.4,12.7,0.5,5.2,10.3,0.51,1.1,2.4,0.458,4.2,5.4,0.778,0.2,3.1,3.3,5,1.1,0,2.6,2.4,18.1,5.13,0
Doron Lamb,40,35,31.2,4.4,9.2,0.474,2.5,5.2,0.481,1.9,4.1,0.466,3.1,3.7,0.826,0.4,2.3,2.7,1.5,0.5,0.1,1.1,1.8,13.7,7.93,0
Luke Harangody,30,25,33,8.1,16.9,0.481,7.3,14.2,0.514,0.8,2.7,0.309,4.7,5.9,0.787,2.2,6.9,9.1,1.6,0.5,0.7,1.8,2.3,21.8,6.22,0
Arnett Moultrie,30,30,35.8,6,10.9,0.549,5.7,10.3,0.555,0.3,0.6,0.444,4.1,5.3,0.78,3.7,6.8,10.5,1.2,0.8,0.8,2.4,2.2,16.4,4.86,0
Steve Novak,31,31,33.8,5.6,11.7,0.477,1.7,3.4,0.5,3.9,8.4,0.467,2.4,2.5,0.974,1.1,4.8,5.9,1.3,0.6,0.1,1,2.1,17.5,8.16,0
Jermaine Taylor,31,31,31.9,9.4,19.5,0.48,6.4,11.6,0.551,3,7.9,0.376,4.5,5.5,0.812,1.9,3.3,5.2,1.9,1.3,0.8,2.8,1.8,26.2,1.26,0
Aaron Gray,36,35,28.2,5.7,10,0.565,5.7,10,0.565,0,0,0,2.5,4.6,0.548,3.3,6.1,9.5,1.7,0.4,1.7,1.5,2.5,13.9,8.53,0
Charles Jenkins,33,33,37.3,7.5,14.6,0.517,5.5,9.8,0.563,2,4.8,0.42,5.5,6.7,0.824,0.5,2.8,3.4,4.8,1.7,0.7,2.2,2,22.6,0.13,0
Will Blalock,30,30,35.7,5.9,13.2,0.447,4.3,9.3,0.468,1.6,3.9,0.398,2,3,0.659,0.8,2.5,3.3,6.1,2.2,0.1,3,1.8,15.4,7.3,0
Ryan Hollins,33,24,21.5,2.5,4.1,0.619,2.5,4.1,0.619,0,0,0,2,3.3,0.602,2,2.8,4.8,0.3,0.2,0.9,1.2,2.5,7,8.27,0
Josh Harrellson,38,38,28.5,3.3,5.5,0.611,3.3,5.2,0.631,0.1,0.3,0.2,0.9,1.5,0.589,3.7,5,8.7,0.8,0.9,1.5,0.7,2.4,7.6,8.91,0
Perry Jones,33,33,30.7,5.5,11,0.5,5.2,10,0.52,0.3,1,0.303,2.2,3.1,0.696,2.7,4.9,7.6,1.3,0.8,0.6,1.7,2.3,13.5,8.03,0
Hilton Armstrong,34,33,27.7,3.5,5.7,0.608,3.4,5.6,0.609,0,0.1,0.5,2.7,3.9,0.692,2,4.6,6.6,0.7,0.6,3.1,2.3,2.8,9.7,6.57,0
David Noel,31,31,33.7,5.1,9.6,0.532,3.8,6.6,0.58,1.3,3,0.424,1.5,2.3,0.625,2.5,4.4,6.8,3.5,1.1,0.7,3.1,2.7,12.9,7.77,0
Joe Crawford,30,22,33.6,6.3,13.4,0.469,4.2,7.6,0.548,2.1,5.8,0.364,3.3,4.3,0.762,1,2.6,3.6,2.1,0.6,0.2,2.8,2.7,17.9,7.09,0
Joey Dorsey,38,33,25.2,2.8,4.4,0.647,2.8,4.4,0.647,0,0,0,1.2,3.1,0.378,3.5,6,9.5,0.5,1.1,1.9,1.1,2.8,6.9,5.76,0
Devin Ebanks,34,31,34.1,4.2,9.3,0.457,4.1,8.4,0.495,0.1,0.9,0.1,3.4,4.5,0.77,2.9,5.2,8.1,2.4,1.1,0.7,2.2,1.6,12,10.26,0
Joe Alexander,36,34,31.6,6.1,13.2,0.462,5.8,12,0.48,0.3,1.1,0.268,4.4,5.4,0.814,1.9,4.5,6.4,2.4,0.7,1.5,2.2,2.9,16.9,7.16,0
Chris Richard,40,4,18.4,2.5,3.6,0.69,2.5,3.6,0.69,0,0,0,1.3,2.1,0.627,1.6,2.1,3.7,0.4,0.3,0.3,1.2,2.3,6.2,7.34,0
Darius Morris,35,34,34.8,5.7,11.7,0.489,5.3,9.9,0.533,0.5,1.8,0.25,3.1,4.3,0.715,0.9,3.1,4,6.7,1,0,2.9,2.1,15,10.68,0
Cole Aldrich,36,36,26.8,4.1,7.4,0.562,4.1,7.4,0.562,0,0,0,3,4.4,0.679,3.1,6.8,9.8,0.9,0.8,3.5,1.6,2.6,11.3,8.25,0
Orlando Johnson,31,31,34.4,6.7,14.8,0.451,4.4,9.5,0.464,2.3,5.3,0.427,4.1,5.9,0.698,1.7,4.1,5.8,2.9,1.1,0.7,2.5,1.8,19.7,-1.38,0
Quincy Douby,33,33,36.7,8.7,18.8,0.462,5.2,10.1,0.515,3.5,8.8,0.401,4.5,5.3,0.847,0.8,3.5,4.3,3.1,1.8,0.8,2.8,1.8,25.4,5.16,0
Jarvis Varnado,36,36,31.7,5.1,8.8,0.582,5.1,8.8,0.582,0,0,0,3.6,5.8,0.61,3,7.3,10.3,0.9,0.7,4.7,2,2.4,13.8,4.6,0
Daniel Orton,38,0,13.2,1.3,2.4,0.527,1.3,2.3,0.539,0,0.1,0,0.9,1.7,0.524,1.2,2.1,3.3,0.4,0.6,1.4,1,2.3,3.4,6.82,0
Hasheem Thabeet,36,36,31.8,4.9,7.7,0.64,4.9,7.7,0.64,0,0,0,3.7,5.9,0.627,3.7,7.1,10.8,0.5,0.6,4.2,1.9,2.5,13.6,8.57,0
Dee Brown,33,33,35.8,4.8,13.2,0.359,2.4,5.9,0.407,2.4,7.4,0.321,2.4,3.1,0.757,0.5,2.6,3.1,5.8,1.6,0,2.8,1.8,14.2,6.29,0
Jeremy Evans,34,34,26.5,4,6.2,0.649,3.9,5.9,0.673,0.1,0.4,0.25,1.9,2.7,0.688,3,3.9,6.9,0.7,0.8,1.8,1.1,2.9,10,-2.18,0
Jon Brockman,34,34,30.5,5.6,10.6,0.526,5.6,10.6,0.528,0,0,0,3.7,5.8,0.64,4.2,7.3,11.5,1.1,0.9,0.1,1.9,3,14.9,8.19,0
Lester Hudson,32,32,36,9.8,21.8,0.449,6.5,12.4,0.52,3.3,9.3,0.355,4.6,5.3,0.881,2.2,5.8,7.9,4.2,2.3,0.6,3.3,2.7,27.5,-4.9,0
Nick Fazekas,32,32,30.3,7.8,13.7,0.568,6.9,11.6,0.591,0.9,2,0.431,4,4.7,0.848,3,8.1,11.1,1.8,0.8,1.5,2,2.3,20.4,1.09,0
Nolan Smith,37,37,34,7,15.4,0.458,5.5,10.9,0.501,1.5,4.4,0.35,5.1,6.2,0.813,1.2,3.3,4.5,5.1,1.2,0.1,3.2,1.9,20.6,8.32,0
DaJuan Summers,31,31,29.4,4.4,9.3,0.474,2.7,5,0.552,1.7,4.4,0.385,3.1,4.4,0.713,1.2,3,4.1,1.3,1.1,0.7,2.6,2.6,13.6,8.97,0
Kim English,35,35,33.6,4.9,9.4,0.521,2.7,4.5,0.589,2.2,4.9,0.459,2.5,3.4,0.725,0.9,3.4,4.2,1.6,1.3,0.3,1.7,2.4,14.5,5.68,0
Andrew Goudelock,37,37,35.2,8.6,18.9,0.455,5.1,10.2,0.496,3.5,8.7,0.407,3,3.6,0.821,0.7,3.2,3.9,4.2,0.9,0.2,3.2,1.8,23.7,-1.05,0
Marquis Teague,40,40,32.6,3.6,8.8,0.412,3,6.8,0.438,0.7,2,0.325,2.1,3,0.714,0.4,2.1,2.5,4.8,0.9,0.3,2.7,2.3,10,7.93,0
Bobby Jones,33,33,26.5,3.4,7.2,0.473,2.5,4.6,0.556,0.9,2.7,0.33,2.7,3.6,0.746,2.1,2.8,4.9,1.3,1.2,0.5,2,3.2,10.4,5.96,0
Morris Almond,32,32,33.4,8.2,17,0.483,5.8,11.7,0.496,2.4,5.3,0.456,7.5,8.9,0.846,1.3,5.2,6.6,1.2,1.2,0.8,3.4,2.1,26.4,1.43,0
Cedric Simmons,32,31,27.5,4,6.8,0.587,3.9,6.8,0.583,0.1,0.1,1,3.8,5.5,0.678,1.8,4.6,6.3,1.7,0.7,2.5,1.8,3.1,11.8,5.63,0
Dominique Jones,33,33,37.1,6.7,14.9,0.45,5.2,9.9,0.521,1.6,5.1,0.311,6.3,8.5,0.741,1.1,5,6.1,3.6,1.7,0.6,2.9,2.8,21.4,7.21,0
James White,33,33,33.5,5.4,11,0.488,3.9,7,0.552,1.5,4,0.374,4.1,4.8,0.838,1.3,3.8,5.1,2,1.1,0.8,2.3,2.7,16.3,8.41,0
Paul Davis,33,33,30.8,6.2,11,0.566,6.1,10.5,0.58,0.2,0.6,0.316,4.8,5.6,0.87,2.6,6.5,9.1,1.6,1,0.9,2.5,3.1,17.5,7.27,0
Armon Johnson,34,34,34.5,6.4,13,0.495,5.9,10.9,0.544,0.5,2.1,0.239,2.4,3.5,0.678,0.8,2.6,3.4,5.6,0.8,0.4,3.4,1.8,15.7,2.56,0
Alando Tucker,36,36,32.8,7.1,15.1,0.47,6,11.7,0.512,1.1,3.4,0.325,4.6,6.9,0.659,2.2,3.3,5.4,2,0.9,0.3,1.7,1.3,19.9,6.95,0
JaJuan Johnson,34,33,35.4,7.6,15.3,0.494,7.1,13.8,0.516,0.4,1.5,0.294,5,6.1,0.809,2.4,6.1,8.6,1,0.9,2.3,1.6,1.6,20.5,8.69,0
Bernard James,35,35,28,4.5,7.4,0.606,4.5,7.4,0.606,0,0,0,1.8,3.3,0.552,3.1,5,8.1,0.5,0.7,2.3,2.1,1.9,10.8,7.62,0
Jermareo Davidson,30,30,32.3,5,12.2,0.407,4.8,11.7,0.414,0.1,0.5,0.25,3.9,5,0.775,2.1,6.1,8.2,1.5,0.8,2.3,1.7,1.8,14,6.24,0
Lazar Hayward,34,34,32.3,6.5,15.1,0.432,4.6,9.6,0.479,1.9,5.5,0.349,3.1,3.7,0.843,2.1,5.4,7.5,1.5,1.9,0.5,2,3.4,18.1,8.23,0
Sean Singletary,33,33,34,6.2,14.4,0.426,4.4,9.6,0.456,1.8,4.8,0.367,5.7,6.7,0.851,0.8,3.1,3.8,6.1,1.8,0,3.9,2.7,19.8,5.63,0
D.J. Strawberry,34,34,31.9,5.4,11.4,0.477,4.4,8.4,0.525,1,3,0.343,3,4.4,0.685,1.3,3.1,4.4,3.5,2,0.4,2.2,2.6,14.9,7.59,0
Tyshawn Taylor,39,38,33.4,5.8,12.2,0.477,4.3,8.3,0.522,1.5,3.9,0.382,3.5,5.1,0.688,0.2,2.1,2.3,4.8,1.3,0.2,3.5,2,16.6,9.93,0
Josh Selby,26,11,20.4,2.8,7.4,0.373,1.5,3.8,0.384,1.3,3.6,0.362,1.1,1.4,0.757,0.4,1.8,2.2,2.2,0.8,0,2,1.7,7.9,7.62,0
Darington Hobson,35,35,33.6,5.5,12.5,0.44,4.4,9.5,0.465,1.1,3.1,0.361,3.7,5.7,0.653,2.1,7.1,9.3,4.6,1.3,0.4,3,1.9,15.9,3.84,0
Jerome Jordan,35,35,29.8,5.3,9.6,0.549,5.3,9.6,0.549,0,0,0,4.9,7.1,0.688,2.4,6.7,9.1,1.3,0.5,2.3,2.3,2.8,15.4,2.84,0
Malik Hairston,31,31,31.5,5.7,10.8,0.525,4,6.9,0.577,1.7,3.9,0.433,3.3,4.5,0.732,1.5,3.4,4.8,2.1,0.6,0.8,1.8,2.9,16.3,7.65,0
Hassan Adams,31,30,33.3,7.5,15.8,0.478,7,13.7,0.511,0.5,2.1,0.262,1.9,3.1,0.611,2.2,2.8,5,2.9,2.6,0.5,2.2,1.9,17.5,10.09,0
Darnell Jackson,40,35,24.3,4.3,6.8,0.626,4.2,6.7,0.633,0.1,0.2,0.333,2.6,3.7,0.691,2,4.7,6.7,1.1,0.8,0.5,1.3,2.3,11.2,8.2,0
Gabe Pruitt,26,24,33.1,4,9.6,0.416,2.2,4.3,0.496,1.8,5.3,0.35,2.6,3.3,0.8,0.6,2.2,2.8,4.3,1.8,0.3,1.8,2.2,12.5,7.87,0
Jared Cunningham,36,35,34.6,5.5,12.2,0.45,4.1,8.1,0.507,1.4,4.1,0.338,5.5,7.5,0.737,1,2.8,3.8,2.8,2.5,0.4,2.8,2.4,17.9,3.38,0
Willie Warren,21,19,32.3,5,11.5,0.438,3.6,6.9,0.524,1.4,4.6,0.309,4.8,6,0.795,0.7,2.6,3.3,4.1,1,0,3.8,2.3,16.3,7.79,0
DeAndre Liggins,38,28,31.6,2.9,6.9,0.424,2,4.5,0.442,0.9,2.4,0.391,1.8,2.8,0.648,0.6,3.4,4,2.5,1.2,0.7,1.4,2.5,8.6,8.91,0
Craig Brackins,32,32,35.1,6,14.3,0.42,5.2,11.6,0.446,0.8,2.7,0.31,3.7,4.8,0.76,2.1,6.4,8.5,2.2,0.8,1.2,2.1,2,16.5,8.37,0
Solomon Alabi,32,32,25.6,4.2,7.8,0.534,4.2,7.8,0.534,0,0,0,3.4,4.3,0.794,2.5,3.7,6.2,0.5,0.6,2.3,1.9,2.3,11.7,6.79,0
Dexter Pittman,34,34,19.1,4.1,6.3,0.654,4.1,6.3,0.654,0,0,0,2.2,4,0.556,3,2.9,5.9,0.5,0.4,1.9,1.8,2.6,10.4,7.38,0
J.R. Giddens,33,33,32.2,6.4,12.3,0.516,5.6,10.1,0.557,0.8,2.3,0.333,2.8,4.8,0.586,1.7,7.1,8.8,3.1,1.4,1.2,2.2,1.9,16.3,1.72,0
Justin Harper,37,37,31.8,6.6,12.4,0.534,4.5,7.8,0.585,2.1,4.6,0.448,2.5,3.2,0.797,1.7,5.2,6.9,1.2,0.6,1.2,1.5,2.2,17.9,2.79,0
Maurice Ager,34,34,34.4,6.6,14.6,0.457,4.2,8.1,0.522,2.4,6.5,0.376,3.6,4.7,0.761,0.7,3.4,4.1,2.5,0.7,0.3,2.6,2.4,19.3,7.27,0
Fab Melo,30,30,25.4,3.3,5.8,0.566,3.3,5.8,0.566,0,0,0,1.3,2,0.633,2.7,3.2,5.8,0.7,0.5,2.9,1.4,2.8,7.8,8.02,0
Vernon Macklin,37,35,24.5,5.2,8.7,0.593,5.2,8.7,0.593,0,0,0,1.2,2.8,0.451,2.2,3.2,5.4,0.8,0.4,0.7,1.7,2.5,11.6,7.57,0
Patrick O'Bryant,25,21,25.7,5.3,9.6,0.552,5.3,9.6,0.552,0,0,0,2.8,4.1,0.676,2.9,5.4,8.3,0.8,0.9,2.9,2.1,3,13.4,5.38,0
James Augustine,33,33,32.7,5.3,8.5,0.624,5.2,8.4,0.625,0,0.1,0.5,3,4.6,0.651,3,6.1,9.1,1.8,1.4,0.7,2,2.5,13.6,6.29,0
Kris Joseph,37,37,32.2,4.4,10.5,0.421,3.1,6.5,0.467,1.4,4,0.345,3.2,4.2,0.745,1.5,3.2,4.7,1.5,1.4,0.6,1.5,1.7,13.4,8.02,0
Derrick Caracter,27,22,26.7,5.5,9.7,0.567,5.3,9.1,0.585,0.1,0.6,0.267,3,4.4,0.672,2.7,5.4,8.1,1.1,1,0.9,2.9,3,14.1,1.96,0
Tyler Honeycutt,33,33,35,4.4,10.8,0.406,2.7,6.2,0.438,1.7,4.6,0.362,2.4,3.2,0.736,1.5,5.7,7.2,2.8,0.9,2,3,1.6,12.8,7.93,0
Trey Thompkins,30,29,31.2,6.5,13.4,0.481,5.7,11,0.52,0.8,2.5,0.311,2.7,4,0.689,1.9,5.8,7.6,1.4,1.1,1.7,2.5,2.2,16.4,6.13,0
Hamady N'Diaye,32,25,28.3,3.6,6.2,0.579,3.6,6.2,0.579,0,0,0,2.3,3.8,0.617,2.4,4.8,7.1,0.4,0.4,4.5,1.5,2.9,9.4,5.91,0
Andy Rautins,35,35,32.5,3.7,8.5,0.438,0.9,1.6,0.571,2.8,6.9,0.407,1.9,2.3,0.815,0.5,2.9,3.4,4.9,2,0.2,2.8,2.2,12.1,7.21,0
Travis Leslie,33,33,32.2,5.4,10.9,0.492,5,9.6,0.517,0.4,1.3,0.302,3.3,4.1,0.801,3.2,4,7.2,2.9,1.2,0.6,2.2,1.9,14.4,6.13,0
Taurean Green,40,40,33.2,3.9,8.7,0.444,1.8,3.6,0.497,2.1,5.1,0.406,3.5,4.2,0.849,0.2,2.2,2.4,3.7,1.1,0,2.7,1.5,13.3,7.34,0
Taylor Griffin,36,36,30,3.5,6.5,0.536,3.3,6.1,0.548,0.1,0.4,0.357,2.5,3.6,0.7,2.3,3.6,5.8,1.3,1.3,1,1.7,2.8,9.6,6.88,0
Sasha Kaun,40,6,17.7,2.7,4.4,0.619,2.7,4.4,0.619,0,0,0,1.7,3.1,0.541,1.6,2.3,3.9,0.3,0.4,1.2,0.8,2.4,7.1,8.2,0
Ryan Reid,31,29,22.7,2.6,5.4,0.491,2.6,5.4,0.491,0,0,0,1.5,2.5,0.597,1.9,2.1,4,1.1,0.6,0.5,1.6,1.5,6.8,6.79,0
Demetris Nichols,35,35,34.8,6.4,14.4,0.447,3.6,7.5,0.475,2.9,6.9,0.417,3.2,3.8,0.85,1.4,4,5.4,1.5,1.4,1.1,2.2,2.1,18.9,6.47,0
Kevin Murphy,33,32,34.5,7.2,16.3,0.444,4.8,10.5,0.46,2.4,5.8,0.416,3.8,5.2,0.721,0.9,4.3,5.2,2.3,0.8,0.2,3.3,2.2,20.6,-3.06,0
Royce White,34,33,31.5,5.1,9.6,0.534,5,9.3,0.541,0.1,0.4,0.333,3,6,0.498,2.5,6.8,9.3,5,1.2,0.9,3.8,2.6,13.4,7.32,0
Darius Johnson-Odom,34,33,32.9,6.2,13.8,0.447,3.9,7.9,0.493,2.3,5.9,0.385,3.7,4.9,0.764,0.6,2.9,3.5,2.7,0.9,0.1,2.4,2,18.3,7.5,0
Guillermo Diaz,34,34,35.2,5.7,13.7,0.415,3.4,7.4,0.458,2.3,6.3,0.364,3.5,4.5,0.789,0.5,2.4,2.9,2.9,1.1,0.2,2,1.7,17.2,7,0
Marcus Williams,30,29,32.9,6.5,13.2,0.494,5.8,10.6,0.546,0.8,2.7,0.288,2.7,3.9,0.695,2.1,4.6,6.7,2.2,1.1,0.8,2.7,2.2,16.6,10.76,0
Keith Benson,35,35,32.4,6.6,12.1,0.547,6.3,11.4,0.556,0.3,0.7,0.391,4.5,7,0.643,2.7,7.5,10.1,1.1,0.8,3.6,1.9,3.1,17.9,0.1,0
Walter Sharpe,12,10,24.9,5.7,10.8,0.523,5.7,10.6,0.535,0,0.3,0,2.8,5.4,0.523,1.8,5,6.8,1.7,1.2,1.8,2.8,3,14.2,2.09,0
Gani Lawal,36,36,25.8,4.8,9,0.529,4.8,9,0.531,0,0,0,3.5,6.2,0.572,2.9,5.6,8.5,0.4,0.4,1.4,2.2,2.1,13.1,9.02,0
Jon Diebler,37,36,35.7,3.9,7.7,0.507,0.8,1.6,0.525,3.1,6.1,0.502,1.7,2.1,0.81,0.4,2.3,2.6,2.4,1,0.1,0.9,1,12.6,8.38,0
Richard Hendrix,32,32,30.6,7.2,12,0.598,7.1,11.8,0.604,0.1,0.2,0.286,3.4,6.3,0.537,3.7,6.4,10.1,1.6,1.3,1.9,1.7,2.9,17.8,5.7,0
Maarty Leueun,32,32,34.7,4.9,8.8,0.559,3.1,5,0.609,1.8,3.8,0.492,3.5,4.4,0.789,2.2,7,9.2,2.8,0.9,0.3,1.6,2.4,15.2,7.65,0
J.R. Pinnock,30,30,31.6,5.5,11.3,0.485,4.6,8.2,0.563,0.8,3,0.275,2.8,3.9,0.709,1.6,3.7,5.3,3.1,2.4,0.5,2,2,14.5,-0.33,0
Shan Foster,34,34,33.7,7.1,13.6,0.523,3.2,5.2,0.61,3.9,8.4,0.469,2.1,2.8,0.76,1.1,3.8,4.9,1.6,1.1,0.2,1.7,1.9,20.3,5.54,0
Ahmad Nivins,32,32,39.3,6.4,10.5,0.612,6.4,10.4,0.614,0,0,0,6.3,8.1,0.787,3.9,7.9,11.8,1,0.8,1.8,2.7,2.2,19.2,2.21,0
Jared Jordan,33,33,37.9,6,14.1,0.425,4.3,8.4,0.511,1.7,5.7,0.298,3.5,5.1,0.69,1.4,4.5,5.9,8.7,1.4,0.1,3.3,1.6,17.2,-4.29,0
Adam Haluska,31,31,34.5,6.1,15,0.408,3.2,7,0.459,2.9,8,0.363,5.4,6.2,0.87,0.9,3.8,4.6,2.6,1.4,0.3,1.7,1.7,20.5,6.35,0
Sammy Mejia,34,34,33.5,5.5,11.5,0.481,4.3,8,0.537,1.2,3.5,0.353,1.8,3,0.602,2.2,3.8,5.9,2.6,1,0.1,1.9,2.1,14.1,8.53,0
Deron Washington,35,35,33.1,4.2,10.1,0.416,3.7,8.2,0.451,0.5,1.9,0.269,4.2,6.3,0.671,2,4.5,6.5,2.3,1,0.6,2.1,2.9,13.1,6.54,0
Terrico White,35,34,31.5,5.5,12.8,0.43,3.7,7.7,0.489,1.7,5.1,0.341,2.4,3.4,0.714,1.6,3,4.6,1.5,0.9,0.2,1.3,1.8,15.1,5.77,0
Tiny Gallon,30,21,24,4.1,7.4,0.547,3.9,6.9,0.573,0.1,0.6,0.235,2.1,3,0.697,2.8,5.2,7.9,0.8,0.7,0.8,2.3,2.8,10.3,7.79,0
JamesOn Curry,35,35,37,5.8,12.8,0.452,3.3,6.7,0.489,2.5,6.1,0.411,3.3,4.1,0.793,0.4,2.7,3.2,3.7,1.2,0.3,3.1,2.1,17.3,6.34,0
Herbert Hill,31,31,31.9,7.7,12.1,0.64,7.7,12.1,0.642,0,0,0,2.6,4.3,0.602,3.3,5.6,8.8,1.5,1,2.9,2.9,2.9,18.1,6.69,0
Goran Suton,32,29,26.7,3.8,7.4,0.521,3.2,5.9,0.543,0.7,1.5,0.438,2.1,2.5,0.848,2.9,5.5,8.4,1.6,1.1,0.5,1.8,2.5,10.4,9.37,0
Reyshawn Terry,38,36,21.5,3.4,6.9,0.494,2.2,4.2,0.531,1.2,2.7,0.437,1.7,2.3,0.739,1.2,4.1,5.4,1.7,0.7,0.6,1.8,2.2,9.7,9.3,0
Stanley Robinson,34,34,34.2,6,11.4,0.525,5.2,9.1,0.571,0.8,2.3,0.342,1.8,2.9,0.629,2.7,5,7.6,1,0.9,1.2,2.3,1.5,14.5,9.15,0
Robert Dozier,37,36,30.2,4.5,8.6,0.519,3.9,7.1,0.549,0.6,1.5,0.375,3.4,4.6,0.721,2.9,4.6,7.5,1.4,1.3,1.6,2,2.7,12.9,4.63,0
Da'Sean Butler,38,38,35.8,5.5,13.2,0.414,3.6,8,0.452,1.8,5.2,0.354,4.4,5.6,0.789,1.6,4.6,6.2,3.1,1,0.4,1.8,2.2,17.2,10.26,0
James Gist,33,33,32,5.9,11.8,0.496,5.2,9.7,0.538,0.7,2.2,0.31,3.5,4.7,0.737,1.8,6.1,7.9,1.4,1.3,2.3,2.7,3.1,15.9,7.28,0
Jack McClinton,32,31,32.2,6.3,13.9,0.449,3.1,6.9,0.446,3.2,7,0.453,3.6,4.1,0.885,0.6,2.5,3.1,2.8,0.8,0,2.6,1.6,19.3,9.04,0
Marcus Denmon,35,35,34.6,5.7,12.4,0.46,2.9,5.5,0.526,2.8,6.9,0.407,3.4,3.8,0.896,1,4,5,2.1,1.5,0,1.2,1,17.7,5.68,0
Denham Brown,32,20,23.6,3.7,9.1,0.403,2.7,6.2,0.439,0.9,2.9,0.326,2.5,2.8,0.868,1.3,3.1,4.4,1.4,0.8,0.4,1.7,1.7,10.7,6.57,0
Robert Vaden,34,34,36.5,6.1,15.4,0.397,2.8,5.8,0.48,3.3,9.5,0.346,2.2,2.9,0.74,0.7,4.2,4.9,2.1,1,0.6,2.5,1.8,17.6,3.67,0
DeVon Hardin,30,26,23.8,3.3,5.9,0.554,3.3,5.9,0.554,0,0,0,2.8,4.4,0.636,1.8,5.6,7.4,0.7,0.6,1.2,1.4,2.5,9.3,8.45,0
Magnum Rolle,34,33,30.1,5.6,10.8,0.514,5.6,10.8,0.514,0,0,0,2.7,4.1,0.66,3.5,4.9,8.4,0.8,0.8,2.1,2,2.8,13.9,-0.4,0
Dwayne Collins,29,28,24.7,4.4,7.3,0.604,4.4,7.3,0.604,0,0,0,3.1,5.5,0.569,2.9,4.8,7.8,1.2,0.6,1.1,2.4,2.3,12,7.01,0
Victor Oladipo,36,36,28.4,5.1,8.4,0.599,4.2,6.6,0.644,0.8,1.9,0.441,2.7,3.6,0.746,2.6,3.7,6.3,2.1,2.2,0.8,2.3,2.5,13.6,8.38,1
CJ McCollum,12,11,31,8,16.2,0.495,5.3,10.8,0.485,2.8,5.3,0.516,5.2,6.1,0.849,1,4,5,2.9,1.4,0.3,2.7,1.8,23.9,-3.01,1
Kentavious Caldwell-Pope,32,30,33.9,5.8,13.4,0.433,3.2,6.4,0.498,2.6,7,0.373,4.2,5.3,0.799,1.2,5.9,7.1,1.8,2,0.5,2,2.2,18.5,6.09,1
Steven Adams,32,32,23.4,3.1,5.5,0.571,3.1,5.5,0.571,0,0,0,1,2.2,0.443,2.8,3.5,6.3,0.6,0.7,2,1.1,1.6,7.2,5.63,1
Tim Hardaway Jr.,38,38,34.8,5.3,12.1,0.437,3.4,7,0.483,1.9,5.1,0.374,2,2.9,0.694,0.2,4.4,4.7,2.4,0.7,0.4,1.9,1.9,14.5,10.05,1
Otto Porter,31,30,35.4,5.4,11.3,0.48,4,8,0.504,1.4,3.3,0.422,3.9,5.1,0.777,1.8,5.7,7.5,2.7,1.8,0.9,1.5,2,16.2,7.59,1
Michael Carter-Williams,40,40,35.2,3.9,9.9,0.393,3,6.9,0.436,0.9,3,0.294,3.2,4.7,0.694,1.3,3.7,5,7.3,2.7,0.5,3.5,2.3,11.9,8.57,1
Allen Crabbe,33,33,36.2,6.5,14.2,0.459,4.6,8.6,0.532,1.9,5.6,0.348,3.4,4.2,0.813,1,5.1,6.1,2.6,1.1,0.7,2.5,2.1,18.4,7.77,1
Ben McLemore,37,36,32.2,5.4,10.8,0.495,3.4,6.1,0.553,2,4.7,0.42,3.2,3.7,0.87,1.3,3.9,5.2,2,1,0.7,2.1,1.9,15.9,7.54,1
Cody Zeller,36,36,29.5,5.5,9.8,0.564,5.5,9.8,0.567,0,0.1,0,5.4,7.2,0.757,2.8,5.2,8,1.3,1,1.3,2.3,2.2,16.5,8.38,1
Nerlens Noel,24,24,31.9,4.1,6.9,0.59,4.1,6.9,0.59,0,0,0,2.3,4.3,0.529,2.7,6.8,9.5,1.6,2.1,4.4,1.9,2.6,10.5,5.78,1
Tony Snell,35,35,31.2,4.1,9.7,0.422,2.3,5.1,0.452,1.8,4.7,0.39,2.5,2.9,0.843,0.4,2.2,2.6,2.9,0.8,0.5,2.1,1.3,12.5,6.63,1
Kelly Olynyk,32,27,26.4,6.7,10.7,0.629,6.4,9.8,0.66,0.3,0.9,0.3,4.1,5.3,0.776,2.4,4.9,7.3,1.7,0.7,1.1,2.4,2.3,17.8,4.18,1
Andre Roberson,31,30,33.4,4.3,8.9,0.48,3.6,7,0.521,0.6,1.9,0.328,1.7,3.2,0.551,3,8.2,11.2,1.4,2.2,1.3,2.4,2.5,10.9,7.95,1
Mason Plumlee,36,36,34.7,6.1,10.3,0.599,6.1,10.3,0.599,0,0,0,4.8,7.1,0.681,2.7,7.2,9.9,1.9,1,1.4,2.9,2.6,17.1,9.54,1
Solomon Hill,35,35,33,4.5,9.9,0.458,2.9,5.7,0.508,1.6,4.2,0.39,2.7,3.5,0.766,1.7,3.6,5.3,2.7,1.1,0.6,2.2,2.2,13.4,7.47,1
Trey Burke,39,39,35.3,6.6,14.4,0.463,4.7,9.3,0.506,1.9,5.1,0.384,3.4,4.3,0.801,0.5,2.6,3.2,6.7,1.6,0.5,2.2,1.9,18.6,10.05,1
Gorgui Dieng,33,32,31.1,3.8,7.1,0.534,3.8,7.1,0.534,0,0,0,2.2,3.4,0.652,3.4,6,9.4,2,1.3,2.5,1.8,2.6,9.8,9.13,1
Reggie Bullock,35,35,31.4,4.9,10.2,0.483,2.4,4.4,0.545,2.5,5.8,0.436,1.6,2.1,0.767,2,4.4,6.5,2.9,1.3,0.3,1.2,1.4,13.9,8.01,1
James Ennis,33,32,33.1,5.5,11.2,0.491,3.8,6.6,0.585,1.7,4.7,0.357,3.8,4.6,0.834,2,4.7,6.7,2.1,1.8,1.3,3,2.3,16.5,1.92,1
Isaiah Canaan,31,30,36.5,6.9,16.1,0.431,3.9,7.9,0.494,3,8.2,0.37,4.9,6,0.822,0.6,2.9,3.5,4.3,1.5,0.1,3.2,1.9,21.8,-2.89,1
Ryan Kelly,23,23,28.9,4.2,9.2,0.453,2.7,5.6,0.473,1.5,3.6,0.422,3,3.7,0.812,1.6,3.7,5.3,1.7,0.7,1.6,1,2.4,12.9,9.54,1
Alex Len,38,37,26.4,4.6,8.5,0.534,4.5,8.3,0.544,0,0.2,0.125,2.8,4,0.686,2.9,5,7.8,1,0.2,2.1,1.6,2.7,11.9,4.66,1
Shane Larkin,36,35,36.4,5.1,10.6,0.479,3.2,5.9,0.538,1.9,4.7,0.406,2.4,3.1,0.777,0.5,3.4,3.8,4.6,2,0.1,2.3,1.6,14.5,7.88,1
Nate Wolters,33,33,38.1,7.3,15.1,0.485,5.4,10,0.539,1.9,5.1,0.379,5.7,7,0.813,1.1,4.5,5.6,5.8,1.7,0.1,2.3,1.5,22.3,-3.27,1
Ray McCallum,33,33,36.6,6.5,13.2,0.491,5.2,9.3,0.562,1.3,3.9,0.323,4.5,6.2,0.717,1.3,3.8,5.1,4.5,1.9,0.6,2.1,2,18.7,1.62,1
Shabazz Muhammad,32,30,30.8,6.3,14.3,0.443,5.1,10.9,0.463,1.3,3.3,0.377,4,5.6,0.711,2.7,2.5,5.2,0.8,0.7,0.1,1.6,1.7,17.9,7.82,1
Mike Muscala,34,34,31.7,6.7,13.1,0.509,6.6,12.6,0.519,0.1,0.5,0.25,5.3,6.7,0.789,2.9,8.2,11.1,2.3,0.5,2.4,1.7,2.2,18.7,-1.96,1
Archie Goodwin,33,33,31.8,4.8,10.8,0.44,4.2,8.9,0.478,0.5,1.9,0.266,4.1,6.4,0.637,1.5,3.2,4.6,2.7,1.1,0.5,3.1,2.9,14.1,5.78,0
Anthony Bennett,35,31,27.1,5.8,10.8,0.533,4.7,8.1,0.587,1,2.7,0.375,3.5,5.1,0.701,2.5,5.7,8.1,1,0.7,1.2,1.9,2.3,16.1,5.71,0
Lorenzo Brown,33,32,34.2,4.2,10.1,0.419,3.6,7.8,0.465,0.6,2.3,0.263,3.3,4.2,0.771,0.7,3.7,4.3,7.2,2,0.6,3.5,2,12.4,7.17,0
Pierre Jackson,36,35,34.8,6,14.1,0.427,3.6,7.3,0.49,2.4,6.8,0.359,5.3,6.7,0.8,0.7,3.1,3.8,7.1,1.5,0,3.4,2.2,19.8,7.13,0
Jeff Withey,37,36,30.9,5,8.6,0.582,5,8.6,0.58,0,0,1,3.7,5.2,0.714,2.1,6.4,8.5,0.9,0.8,3.9,2,2.1,13.7,7.54,0
Peyton Siva,40,40,31.2,3.5,8.6,0.404,2.5,5.3,0.476,1,3.3,0.288,2.1,2.5,0.867,0.3,2.1,2.4,5.7,2.3,0.2,2.7,2.6,10,9.13,0
Erick Green,40,40,31.2,3.5,8.6,0.404,2.5,5.3,0.476,1,3.3,0.288,2.1,2.5,0.867,0.3,2.1,2.4,5.7,2.3,0.2,2.7,2.6,10,9.13,0
Jamaal Franklin,32,32,33.1,5.2,12.5,0.411,3.9,7.9,0.492,1.3,4.6,0.272,5.3,6.8,0.781,1.8,7.8,9.5,3.3,1.6,0.8,3.4,2.6,16.9,6.19,0
Grant Jerrett,34,2,17.8,1.9,4.5,0.409,0.9,2.2,0.413,0.9,2.3,0.405,0.5,0.6,0.818,1.1,2.5,3.6,0.5,0.5,1,0.6,1.3,5.2,7.47,0
Carrick Felix,35,34,35.3,5.4,10.8,0.5,3.9,6.8,0.573,1.5,4,0.374,2.3,3.5,0.664,2.1,6.1,8.1,1.6,1.4,1.1,2,3,14.6,4.6,0
Tony Mitchell,32,29,32.4,4.4,9.9,0.44,3.4,6.8,0.505,0.9,3.1,0.3,3.3,4.9,0.675,2.4,6.1,8.5,0.8,1,2.7,2.4,2.9,13,-2.73,0
Erik Murphy,36,34,26.4,4.6,8.8,0.516,2.6,4.4,0.579,2,4.4,0.453,1.1,1.4,0.784,1.6,3.9,5.5,1.4,0.6,0.7,1.4,2.8,12.2,6.83,0
Romero Osby,32,31,28.5,5.4,10.3,0.526,5.2,9.8,0.525,0.3,0.5,0.529,4.8,6.1,0.794,2.1,5,7,1.3,0.6,0.8,1.3,2.4,16,7.09,0
Colton Iverson,35,35,29.5,5.2,8.8,0.596,5.2,8.8,0.596,0,0,0,3.7,6.3,0.59,3.3,6.4,9.8,1.3,0.6,0.7,2,2.6,14.2,5.89,0
Arsalan Kazemi,35,27,29,3.2,5.4,0.595,3.2,5.4,0.598,0,0,0,2.9,4.3,0.675,2.8,7.2,10,1.4,2,0.7,1.5,1.9,9.4,5.77,0
Alex Oriakhi,34,34,25.8,4.1,6.4,0.639,4.1,6.4,0.639,0,0,0,3.1,4.2,0.746,3.1,5.3,8.4,0.4,0.6,1.6,1.4,2.3,11.2,6,0
Deshaun Thomas,37,37,35.4,7,15.8,0.444,5.1,10.1,0.5,1.9,5.6,0.344,3.8,4.6,0.834,1.7,4.2,5.9,1.3,0.5,0.3,1.4,1.5,19.8,9.32,0
Andrew Wiggins,35,35,32.8,5.4,12.1,0.448,4.2,8.5,0.493,1.2,3.6,0.341,5,6.5,0.775,2.2,3.7,5.9,1.5,1.2,1,2.3,2.7,17.1,11.4,1
Zach LaVine,37,1,24.4,3.4,7.8,0.441,2.1,4.3,0.494,1.3,3.5,0.375,1.3,1.8,0.691,0.5,2.1,2.5,1.8,0.9,0.2,1.1,2,9.4,7.62,1
Joel Embiid,28,20,23.1,3.8,6.1,0.626,3.8,5.9,0.639,0,0.2,0.2,3.5,5.1,0.685,2.3,5.8,8.1,1.4,0.9,2.6,2.4,3.4,11.2,11.4,1
Julius Randle,40,40,30.8,4.9,9.8,0.501,4.8,9.3,0.517,0.1,0.5,0.167,5.1,7.2,0.706,3.5,6.9,10.4,1.4,0.5,0.8,2.5,2.3,15,9.9,1
Marcus Smart,31,31,32.7,5.3,12.5,0.422,3.7,7.2,0.514,1.6,5.3,0.299,5.9,8.1,0.728,1.4,4.5,5.9,4.8,2.9,0.6,2.6,2.9,18,8.34,1
Gary Harris,35,34,32.3,5.6,13,0.429,3.3,6.4,0.507,2.3,6.6,0.352,3.3,4.1,0.81,1.1,2.9,4,2.7,1.8,0.4,1.7,2.1,16.7,9.38,1
T.J. Warren,35,35,35.4,9.8,18.6,0.525,8.9,15.3,0.58,0.9,3.3,0.267,4.5,6.5,0.69,3.2,3.9,7.1,1.1,1.8,0.6,2.4,2.8,24.9,7.44,1
Aaron Gordon,38,38,31.2,5,10.1,0.495,4.6,8.9,0.513,0.4,1.2,0.356,2,4.7,0.422,2.7,5.3,8,2,0.9,1,1.4,2.4,12.4,9.04,1
Elfrid Payton,35,34,35.9,6.8,13.3,0.509,6.4,11.8,0.541,0.4,1.5,0.259,5.3,8.6,0.609,2.3,3.7,6,5.9,2.3,0.6,3.6,2.4,19.2,-0.28,1
Jabari Parker,35,35,30.7,6.7,14.3,0.473,5.7,11.2,0.504,1.1,3,0.358,4.6,6.1,0.748,3,5.7,8.7,1.2,1.1,1.2,2.3,2.4,19.1,8.48,1
Jordan Clarkson,35,35,35.1,6,13.3,0.448,5.1,10.1,0.501,0.9,3.3,0.281,4.6,5.6,0.831,0.8,3,3.8,3.4,1.1,0.2,2.7,2.2,17.5,6.86,1
Rodney Hood,35,33,32.9,5.5,11.8,0.464,3.4,6.9,0.494,2,4.8,0.42,3.1,3.9,0.807,0.8,3.1,3.9,2.1,0.7,0.3,1.5,2.6,16.1,8.48,1
Spencer Dinwiddle,17,17,31.1,3.6,7.7,0.466,2.1,4,0.515,1.5,3.7,0.413,6,7,0.857,0.5,2.6,3.1,3.8,1.5,0.2,1.8,1.9,14.7,8.8,1
Jerami Grant,32,20,31.4,4.2,8.4,0.496,4.2,8.2,0.506,0,0.2,0,3.8,5.6,0.674,2.4,4.3,6.8,1.4,0.8,0.6,1.2,2.3,12.1,7.25,1
Joe Harris,37,37,28.8,4,9.1,0.441,2.1,4.3,0.487,1.9,4.9,0.4,2,3.1,0.64,0.6,2.4,2.9,2.3,0.9,0.2,1.3,2.4,12,7.86,1
Kyle Anderson,36,36,33.2,5,10.5,0.48,4.3,8.9,0.48,0.8,1.6,0.483,3.8,5.2,0.737,1.3,7.5,8.8,6.5,1.8,0.8,3.1,1.7,14.6,7.62,1
Doug McDermott,35,35,33.7,9.4,17.9,0.526,6.7,11.8,0.567,2.7,6.1,0.449,5.1,5.9,0.864,1.6,5.3,7,1.6,0.2,0.1,1.8,1.9,26.7,7.17,1
Nik Stauskas,36,36,35.6,5.1,10.9,0.47,2.6,5.2,0.5,2.6,5.8,0.442,4.7,5.7,0.824,0.4,2.5,2.9,3.3,0.6,0.3,1.9,1.3,17.5,9.65,1
Dwight Powell,36,36,32.4,4.9,10.5,0.462,4.6,9.4,0.485,0.3,1.1,0.256,4,5.9,0.687,1.9,4.9,6.9,3.1,1.3,0.8,2.9,3.1,14,9,1
P.J. Hairston,34,14,23.6,4.7,10.9,0.431,2.1,4.2,0.486,2.6,6.6,0.396,2.6,3.3,0.779,1.9,2.4,4.3,1.4,1.3,0.4,1.1,1.9,14.6,8.01,1
Shabazz Napier,40,40,35.1,5.3,12.4,0.429,3.2,7,0.448,2.2,5.4,0.405,5.2,6,0.87,1,4.9,5.9,4.9,1.8,0.3,2.9,2.1,18,8.63,1
Glenn Robinson III,37,37,32.3,4.9,10.1,0.488,4,7.2,0.562,0.9,2.9,0.306,2.4,3.1,0.757,1.5,3,4.4,1.2,0.9,0.3,1.2,1.5,13.1,9.65,1
Noah Vonieh,30,29,26.5,3.8,7.2,0.523,3.2,6.1,0.53,0.5,1.1,0.485,3.2,4.5,0.716,2.4,6.6,9,0.6,0.9,1.4,2.1,2.7,11.3,6.64,1
Markel Brown,34,34,35.3,5.6,11.8,0.473,4,7.6,0.525,1.6,4.3,0.379,4.4,5.7,0.768,1.1,4.2,5.3,2.9,1,1,1.6,2.5,17.2,8.34,1
Semaj Christon,34,34,35.3,5.9,12.4,0.479,5.4,10.9,0.491,0.6,1.4,0.388,4.6,6.9,0.668,0.4,2.2,2.7,4.2,1.3,0.2,2.6,2.1,17,8.14,1
Cleanthony Early,36,36,27.4,5.2,10.7,0.484,3.4,5.8,0.579,1.8,4.9,0.373,4.2,5,0.844,1.3,4.6,5.9,0.8,0.8,0.8,1.9,2.3,16.4,1.74,0
K.J. McDaniels,36,35,33.7,5.8,12.6,0.459,4.6,8.8,0.527,1.2,3.8,0.304,4.3,5.1,0.842,2.4,4.7,7.1,1.6,1.1,2.8,2.3,2.2,17.1,5.97,0
Josh Huestis,36,36,35.2,4.3,9.6,0.451,3.6,7.5,0.483,0.7,2.1,0.338,1.8,2.8,0.627,2.5,5.7,8.2,1.2,0.6,1.9,1.2,2.1,11.2,9,0
Jordan McRae,37,37,32.2,6,13.8,0.436,3.9,7.8,0.502,2.1,6.1,0.351,4.5,5.7,0.788,0.7,2.8,3.5,2.5,0.7,1,2.1,2.1,18.7,7.84,0
Adreian Payne,31,28,28.1,5.7,11.4,0.503,4.3,8.1,0.536,1.4,3.4,0.423,3.5,4.5,0.79,1.5,5.7,7.3,1.3,0.5,0.9,2,2.6,16.4,9.38,0
Tyler Ennis,34,34,35.7,4.4,10.6,0.411,3.5,8.1,0.429,0.9,2.5,0.353,3.4,4.4,0.765,0.8,2.6,3.4,5.5,2.1,0.2,1.7,2,12.9,7.25,0
Johnny O\'92Bryant,34,34,30,5.9,12,0.494,5.9,11.9,0.495,0,0.1,0.333,3.5,5.5,0.634,3,4.7,7.7,1.6,0.5,0.9,3.2,3.2,15.4,6.61,0
Lamar Patterson,36,36,32.6,5.6,12.7,0.441,3.4,7,0.484,2.2,5.7,0.388,3.7,4.9,0.754,1,3.9,4.9,4.3,1.4,0.3,2.6,2,17.1,7.54,0
Mitch McGary,8,4,24.8,3.8,6.9,0.545,3.8,6.6,0.566,0,0.3,0,2,3,0.667,2.9,5.4,8.3,1.5,1.9,0.8,1.6,3.1,9.5,9.65,0
Devyn Marble,33,33,30.2,5.5,13.2,0.42,4,8.7,0.456,1.6,4.5,0.349,4.3,6,0.714,0.8,2.4,3.2,3.6,1.8,0.2,1.7,1.9,17,7.43,0
Cory Jefferson,38,38,29,4.8,9.7,0.5,4.5,8.7,0.515,0.4,1,0.368,3.6,5.6,0.64,2.8,5.4,8.2,1,0.4,1.3,1.3,2.2,13.7,10.11,0
Nick Johnson,38,38,33.1,5.4,12.5,0.432,3.8,8,0.469,1.6,4.4,0.367,3.8,4.9,0.781,0.8,3.2,4.1,2.8,1.1,0.7,1.7,2,16.3,9.04,0
James Young,40,39,32.4,4.6,11.3,0.407,2.5,5.4,0.47,2.1,5.9,0.349,3.1,4.4,0.706,1,3.3,4.3,1.7,0.8,0.2,1.9,2.1,14.3,9.9,0
Jordan Adams,36,36,30.1,5.8,11.9,0.485,4.3,7.9,0.551,1.4,4.1,0.356,4.4,5.3,0.836,1.9,3.5,5.3,2.3,2.6,0.1,1.5,2.2,17.4,7.62,0
C.J. Wilcox,32,31,34.9,6.2,13.6,0.453,3.3,6.4,0.522,2.8,7.2,0.391,3.2,3.7,0.873,0.7,3,3.7,2.5,1,1,1.7,2.3,18.3,6.45,0
Jarnell Stokes,37,37,32.4,5.4,10.1,0.531,5.4,10.1,0.531,0,0,0,4.3,6.2,0.696,4.2,6.4,10.6,2,0.7,0.9,2.1,2,15.1,7.84,0
Russ Smith,37,36,29.3,6.1,13,0.468,4.2,8.1,0.517,1.9,4.9,0.387,4.1,5.9,0.705,0.8,2.5,3.3,4.6,2,0.1,2.8,2.5,18.2,4.8,0
Cameron Bairstow,34,34,32.9,7,12.5,0.556,6.9,12.4,0.558,0,0.1,0.333,6.4,8.8,0.735,2.2,5.1,7.4,1.6,0.6,1.5,2,2.1,20.4,4.84,0
DeAndre Daniels,38,38,29,4.9,10.6,0.469,3.6,7.4,0.491,1.3,3.2,0.417,1.8,2.3,0.787,1.4,4.6,6,0.4,0.7,1.4,1.5,2.4,13.1,8.63,0
Alec Brown,30,30,30.3,5.5,11.6,0.476,4.1,8.2,0.498,1.4,3.3,0.42,2.9,4,0.727,2.1,3.6,5.7,1,0.5,3.1,2.2,2.2,15.3,0.11,0
Xavier Thames,30,30,30.3,5.5,11.6,0.476,4.1,8.2,0.498,1.4,3.3,0.42,2.9,4,0.727,2.1,3.6,5.7,1,0.5,3.1,2.2,2.2,15.3,0.11,0
Karl-Anthony Towns,39,39,21.1,3.7,6.6,0.566,3.7,6.4,0.577,0.1,0.2,0.25,2.8,3.4,0.813,2.4,4.3,6.7,1.1,0.5,2.3,1.4,2.9,10.3,8.67,1
Devin Booker,38,0,21.5,3.6,7.6,0.47,2,3.8,0.527,1.5,3.7,0.411,1.4,1.7,0.828,0.4,1.6,2,1.1,0.4,0.1,1,1.5,10,8.67,1
Josh Richardson,32,32,36.3,5.8,12.5,0.461,4.3,8.5,0.509,1.4,4,0.359,3.1,3.9,0.798,0.9,3.6,4.5,3.6,2.1,0.5,2.7,2.5,16,8.16,1
D\'92Angelo Russell,35,34,33.9,6.6,14.7,0.449,3.9,8.1,0.479,2.7,6.6,0.411,3.4,4.5,0.756,1,4.7,5.7,5,1.6,0.3,2.9,2.1,19.3,7.37,1
Myles Turner,34,7,22.2,3.4,7.6,0.455,2.9,5.7,0.513,0.5,1.8,0.274,2.8,3.3,0.839,1.3,5.2,6.5,0.6,0.3,2.6,1.4,2.4,10.1,9.07,1
Justise Winslow,39,39,29.1,4.4,9.1,0.486,3.3,6.3,0.516,1.2,2.8,0.418,2.6,4,0.641,1.3,5.2,6.5,2.1,1.3,0.9,1.8,2.8,12.6,9.87,1
Kelly Oubre Jr,36,27,21,3.1,6.9,0.444,2.1,4.3,0.497,0.9,2.6,0.358,2.2,3.1,0.718,1.1,3.8,5,0.8,1.1,0.4,1.2,2,9.3,12.13,1
Terry Rozier,36,35,35,5.9,14.5,0.411,4.6,10.1,0.456,1.3,4.4,0.306,3.9,4.9,0.79,1.2,4.4,5.6,3,2,0.2,2.2,1.7,17.1,8.98,1
Larry Nance Jr.,31,30,34.9,6,11.6,0.514,5.5,10.3,0.538,0.5,1.4,0.333,3.7,4.7,0.786,1.4,5.8,7.2,2.5,1.2,1.2,2.3,2.2,16.1,-0.04,1
Willie Cauley-Stein,39,38,25.9,3.5,6.1,0.572,3.5,6.1,0.572,0,0,0,2,3.3,0.617,2.3,4.2,6.4,1,1.2,1.7,1.2,2,8.9,8.67,1
Rondae Hollis-Jefferson,38,25,28.7,3.6,7.2,0.502,3.5,6.5,0.537,0.2,0.8,0.207,3.8,5.4,0.707,2,4.8,6.8,1.6,1.2,0.8,1.6,2.5,11.2,7.41,1
Delon Wright,35,35,33.3,4.7,9.3,0.509,4,7.2,0.554,0.7,2.1,0.356,4.4,5.2,0.836,1,4,4.9,5.1,2.1,1,1.9,1.4,14.5,7.42,1
Montrezl Harrell,35,35,35.1,6.1,10.7,0.566,5.8,9.7,0.602,0.3,1.1,0.243,3.3,5.5,0.597,3.2,6,9.2,1.4,0.9,1.2,2,2.1,15.7,8.98,1
Norman Powell,36,36,34.6,5.9,13,0.456,4.9,9.7,0.503,1.1,3.3,0.319,3.5,4.7,0.751,0.6,4.1,4.7,2.1,1.8,0.4,2.2,2.5,16.4,8.27,1
Frank Kaminsky,39,39,33.6,6.8,12.5,0.547,5.8,9.9,0.581,1.1,2.6,0.416,4,5.1,0.78,1.5,6.7,8.2,2.6,0.8,1.5,1.6,1.7,18.8,10.29,1
Richaun Holmes,31,30,28.8,5.3,9.5,0.563,4.7,8.1,0.588,0.6,1.4,0.419,3.5,4.9,0.712,2.8,5.2,8,0.8,0.7,2.7,1.9,2.5,14.7,-1.25,1
Andrew Harrison,39,39,25.5,2.6,6.8,0.378,1.7,4.4,0.376,0.9,2.4,0.383,3.2,4.1,0.792,0.3,1.9,2.2,3.6,1,0.2,1.6,1.8,9.3,8.67,1
Bobby Portis,36,36,29.9,6.9,12.9,0.536,6.6,12.1,0.541,0.4,0.8,0.467,3.2,4.3,0.737,3.7,5.2,8.9,1.2,1.1,1.4,1.6,2.2,17.5,6.79,1
Stanley Johnson,38,37,28.4,4.6,10.3,0.446,3.4,7.2,0.478,1.1,3.1,0.371,3.5,4.7,0.742,2,4.5,6.5,1.7,1.5,0.4,2.2,2.6,13.8,7.41,1
Jahlil Okafor,38,38,30.1,7.3,11.1,0.664,7.3,11.1,0.664,0,0,0,2.6,5.1,0.51,3.5,4.9,8.5,1.3,0.8,1.4,2.5,2.1,17.3,9.87,1
Anthony Brown,37,36,35.7,4.8,11,0.431,2.6,6.2,0.424,2.1,4.8,0.441,3.1,3.9,0.795,1.1,5.8,6.9,2.5,0.8,0.2,1.9,2.1,14.8,7.33,1
Trey Lyles,36,21,23,3.3,6.7,0.488,3.1,5.9,0.536,0.1,0.8,0.138,2.1,2.8,0.735,1.8,3.4,5.2,1.1,0.5,0.4,1.1,1.6,8.7,8.67,1
Jerian Grant,38,38,37.1,5.4,11.2,0.478,4.1,7.1,0.572,1.3,4.2,0.316,4.5,5.7,0.78,0.3,2.7,3,6.7,1.7,0.5,2.2,2,16.5,7.02,1
Tyus Jones,39,39,33.9,3.5,8.3,0.417,2.3,5.1,0.44,1.2,3.2,0.379,3.7,4.2,0.889,0.5,3,3.5,5.6,1.5,0.1,1.9,1.2,11.8,9.87,1
Pat Connaughton,38,38,35.6,4.4,9.4,0.466,1.9,3.6,0.537,2.4,5.8,0.423,1.3,1.7,0.781,1.1,6.3,7.4,1.5,0.7,0.9,1.2,2,12.5,7.02,1
Cameron Payne,35,35,32.2,7,15.3,0.456,4.6,9,0.513,2.4,6.4,0.377,3.8,4.8,0.787,0.6,3.1,3.7,6,1.9,0.5,2.5,2.1,20.2,-2.81,1
Jarell Martin,33,32,35.1,6.1,12,0.509,5.7,10.5,0.545,0.4,1.6,0.269,4.2,6.2,0.69,3,6.3,9.2,1.8,1.2,0.7,2.8,2.8,16.9,5.63,1
Sam Dekker,40,40,31,5.3,10.2,0.525,4.1,6.4,0.639,1.3,3.8,0.331,2,2.8,0.708,1.9,3.6,5.5,1.2,0.5,0.5,0.9,1.1,13.9,10.29,1
Kevon Looney,36,36,30.9,4.2,8.9,0.47,3.6,7.4,0.481,0.6,1.5,0.415,2.6,4.1,0.626,3.4,5.8,9.2,1.4,1.3,0.9,1.3,2.9,11.6,8.27,1
Justin Anderson,26,22,27.8,4,8.5,0.466,2.2,4.5,0.479,1.8,4,0.452,2.5,3.2,0.78,0.7,3.4,4,1.7,0.7,0.5,1.2,1.2,12.2,7.81,0
Rashad Vaughn,23,23,32.3,6.3,14.3,0.439,3.9,8.1,0.481,2.3,6.1,0.383,3,4.3,0.694,0.6,4.2,4.8,1.6,0.8,0.3,2.2,2.3,17.8,3.38,0
Darrun Hilliard,35,35,28.8,4.9,11,0.44,2.6,5.2,0.5,2.3,5.8,0.387,2.3,2.9,0.796,0.5,2.7,3.1,2.1,1.8,0.3,1.2,2.2,14.3,7.55,0
Chris McCullough,16,16,28.1,3.4,7.1,0.478,3.3,7,0.473,0.1,0.1,1,2.5,4.4,0.563,2.3,4.6,6.9,1.1,1.7,2.1,2.2,2.6,9.3,7.68,0
R.J. Hunter,35,35,37,5.8,14.7,0.395,3.5,7.2,0.488,2.3,7.5,0.305,5.8,6.6,0.878,0.8,3.9,4.7,3.6,2.1,1,2.2,2.4,19.7,-2.03,0
Joe Young,36,35,36.7,7.4,16.4,0.448,4.8,9.4,0.516,2.5,7.1,0.357,3.4,3.7,0.925,0.5,3.9,4.4,3.8,1.1,0,2.4,1.4,20.7,7.65,0
Jordan Mickey,31,31,34.9,6.2,12.2,0.504,6.1,11.9,0.514,0,0.3,0.111,3.1,4.7,0.646,3.2,6.7,9.9,1.3,0.9,3.6,3.3,2.6,15.4,5.63,0
RAkeem Christmas,31,31,34.3,6.5,11.9,0.552,6.5,11.8,0.553,0,0,0,4.4,6.2,0.712,3.1,6,9.1,1.5,0.9,2.5,2.5,3.4,17.5,7.68,0
Dakari Johnson,39,0,16.3,2,4,0.506,2,4,0.506,0,0,0,2.3,3.7,0.625,1.7,2.9,4.6,0.7,0.4,0.9,1.1,1.8,6.4,8.67,0
Olivier Hanian,32,31,37.6,7,15.5,0.454,5,9.8,0.513,2,5.8,0.353,3.4,4.5,0.759,0.8,3.5,4.2,4.2,1.3,0,2.7,2.1,19.5,7.94,0
Marcus Thorton,33,33,36.7,6.5,14.3,0.456,3.4,6.6,0.518,3.1,7.7,0.402,3.8,4.6,0.83,0.3,2.5,2.8,2.9,0.6,0.1,2.3,1.1,20,-1.15,0
Aaron White,34,34,31.5,5,9.6,0.521,4.4,7.9,0.558,0.6,1.7,0.356,5.7,7,0.819,2.1,5.2,7.3,1.4,1.3,0.5,1.2,1.6,16.4,8.39,0
Tyler Harvey,32,32,36.9,7.2,15.3,0.469,3.2,6,0.528,4,9.3,0.431,4.7,5.5,0.852,0.6,3,3.6,2.6,1.1,0.1,2,1.9,23.1,-3.84,0
Sir\'92Dominic Pointer,33,32,34.6,5.3,10.1,0.524,5.2,9.4,0.56,0.1,0.8,0.08,3,4.2,0.725,1.9,5.7,7.7,3,1.9,2.4,2,3,13.7,9.04,0
Cady Lalanne,32,32,29,4.3,7.8,0.552,4.2,7.3,0.582,0.1,0.6,0.167,2.8,4.5,0.636,3.4,6.1,9.5,0.3,0.6,1.9,2.5,2.7,11.6,4.69,0
J.P. Tokoto,38,34,29.1,3.1,7.1,0.428,2.7,6.3,0.435,0.3,0.8,0.375,1.9,3.1,0.615,1.6,4,5.6,4.3,1.5,0.3,2.2,2.4,8.3,11.76,0
Ben Simmons,33,32,34.9,6.5,11.7,0.56,6.5,11.6,0.561,0,0.1,0.333,6,9,0.67,3.1,8.6,11.8,4.8,2,0.8,3.4,2.8,19.2,7,1
Brandon Ingram,36,34,34.6,5.9,13.4,0.442,3.7,8,0.464,2.2,5.4,0.41,3.2,4.7,0.682,1.9,4.9,6.8,2,1.1,1.4,2,2.1,17.3,10.59,1
Jamal Murray,36,36,35.2,6.8,14.9,0.454,3.6,7.3,0.502,3.1,7.7,0.408,3.3,4.2,0.783,1.5,3.7,5.2,2.2,1,0.3,2.3,2.1,20,8.84,1
Malcolm Brogdon,37,37,34.1,6.2,13.6,0.457,4.2,8.4,0.498,2,5.2,0.391,3.8,4.2,0.897,0.5,3.5,4.1,3.1,0.9,0.2,1.4,2.1,18.2,11.12,1
Buddy Hield,37,37,35.4,8.1,16.2,0.501,4.2,7.5,0.552,4,8.7,0.457,4.8,5.4,0.88,1.2,4.5,5.7,2,1.1,0.5,3.1,2.1,25,11.14,1
Jaylen Brown,34,34,27.6,4.8,11.1,0.431,3.9,8.1,0.482,0.9,3,0.294,4.2,6.4,0.654,1.1,4.3,5.4,2,0.8,0.6,3.1,3.2,14.6,7.87,1
Pascal Siakam,34,34,34.6,8.1,15,0.539,8,14.6,0.549,0.1,0.4,0.2,4,5.9,0.678,3.9,7.7,11.6,1.7,1,2.2,2,2.7,20.3,-3.54,1
Domantas Sabonis,36,31,31.9,6.6,10.9,0.611,6.5,10.5,0.621,0.1,0.4,0.357,4.2,5.4,0.769,3.1,8.8,11.8,1.8,0.6,0.9,2.6,3.2,17.6,4.23,1
Caris LeVert,15,14,30.9,5.5,10.8,0.506,3.5,6.5,0.546,1.9,4.3,0.446,3.6,4.5,0.794,0.6,4.7,5.3,4.9,1,0.2,1.7,1.2,16.5,7.92,1
Taurean Prince,34,34,30.6,5.5,12.7,0.432,3.9,8.4,0.469,1.6,4.3,0.361,3.3,4.3,0.774,2.4,3.7,6.1,2.3,1.3,0.7,2.7,2.5,15.9,9.76,1
Kris Dunn,33,32,33,5.6,12.5,0.448,4.3,9,0.477,1.3,3.4,0.372,4,5.8,0.695,1.1,4.2,5.3,6.2,2.5,0.6,3.5,2.8,16.4,8.46,1
Dejounte Murray,34,34,33.5,5.9,14.3,0.416,4.9,10.8,0.457,1,3.5,0.288,3.2,4.9,0.663,1.4,4.6,6,4.4,1.8,0.3,3.2,2.6,16.1,8.12,1
Tyler Ulis,35,35,36.8,5.5,12.6,0.434,3.9,8.1,0.486,1.6,4.6,0.344,4.8,5.6,0.856,0.5,2.5,3,7,1.5,0.1,2,1.8,17.3,8.84,1
Isaiah Whiteside,34,33,32.3,5.7,15.1,0.379,3.3,8.5,0.39,2.4,6.5,0.365,4.4,5.8,0.76,0.5,3.1,3.6,5.1,1.2,1.4,3.5,2.3,18.2,8.28,1
Denzel Valentine,31,30,33,6.6,14.3,0.462,3.3,6.8,0.481,3.4,7.5,0.444,2.6,3.1,0.853,0.8,6.7,7.5,7.8,1,0.2,2.7,1.7,19.2,6.94,1
Mailk Beasley,34,33,29.8,5.4,11.6,0.471,3.8,7.4,0.518,1.6,4.2,0.387,3.1,3.8,0.813,1.3,4,5.3,1.5,0.9,0.2,1.7,2.2,15.6,8.16,1
DeAndre\'92 Bembry,36,35,37.3,6.6,13.8,0.479,5.7,10.3,0.553,0.9,3.6,0.266,3.3,4.9,0.657,1.4,6.3,7.8,4.5,1.4,0.8,2,2.4,17.4,4.93,1
Marquese Chriss,34,34,24.9,5.3,9.9,0.53,4.6,8.2,0.568,0.6,1.8,0.35,2.6,3.8,0.682,2.5,2.9,5.4,0.8,0.9,1.6,2,4.1,13.7,8.12,1
Jakob Poeltl,36,36,30.4,6.3,9.8,0.646,6.3,9.8,0.646,0,0,0,4.6,6.6,0.689,2.8,6.3,9.1,1.9,0.6,1.6,2.1,2.3,17.2,8.79,1
Skai Labissiere,36,18,15.8,2.7,5.3,0.516,2.7,5.2,0.521,0,0.1,0,1.1,1.7,0.661,1,2.2,3.1,0.3,0.3,1.6,0.9,3,6.6,8.84,1
Patrick McCaw,33,32,33.7,5.1,10.9,0.465,3,5.3,0.571,2.1,5.6,0.366,2.5,3.2,0.774,1.2,4,5.1,3.9,2.5,0.4,2.1,2.2,14.7,3.17,1
Tyrone Wallace,28,25,32.2,5.4,12.3,0.44,4.5,9.3,0.486,0.9,3,0.298,3.6,5.5,0.649,1,4.3,5.3,4.4,1,0.4,2.6,2.3,15.3,7.87,1
Damian Jones,33,33,26.2,5.6,9.5,0.59,5.6,9.4,0.595,0,0.1,0,2.7,5.1,0.536,2.2,4.6,6.9,1.2,0.2,1.6,2,3.3,13.9,8.68,0
Jake Layman,36,36,30.9,3.9,7.8,0.5,2.3,3.8,0.61,1.6,4,0.396,2.2,2.6,0.832,1.1,4.2,5.3,1.1,1.1,1,1.7,1.9,11.6,8.31,0
Abdel Nader,35,35,31.1,4.6,9.6,0.478,3.1,5.6,0.553,1.5,4,0.371,2.2,3,0.736,0.7,4.2,5,1.5,1.1,0.7,2.3,2.8,12.9,10.16,0
Chinanu Onuaku,31,29,24.6,4.4,7.1,0.62,4.4,7.1,0.623,0,0,0,1.1,1.8,0.589,2.9,5.5,8.5,1.6,0.8,2,2.1,3,9.9,7.74,0
Deyonta Davis,35,16,18.6,3.4,5.7,0.598,3.4,5.7,0.598,0,0,0,0.7,1.1,0.605,2.1,3.4,5.5,0.7,0.3,1.8,0.9,2.3,7.5,6.94,0
Cheick Diallo,27,1,7.5,1.2,2.1,0.569,1.2,2.1,0.569,0,0,0,0.6,1,0.556,0.6,1.9,2.5,0,0.3,0.9,0.6,1.4,3,11.22,0
Georges Niang,35,35,33.2,8.1,14.8,0.546,6.5,10.7,0.605,1.6,4.1,0.392,2.7,3.4,0.807,1.3,4.9,6.2,3.3,0.9,0.6,2.6,3.2,20.5,10.16,0
Wade Baldwin,33,30,30.4,4.1,9.6,0.427,2.8,6.5,0.437,1.2,3.1,0.406,4.7,5.9,0.799,0.4,3.6,4,5.2,1.2,0.3,2.8,2.6,14.1,8.68,0
Henry Ellenson,33,33,33.5,5.9,13.2,0.446,5,10,0.495,0.9,3.2,0.288,4.3,5.8,0.749,2.2,7.6,9.7,1.8,0.8,1.5,2.4,2.5,17,5.57,0
Daniel Hamilton,36,36,31.9,4.4,11.4,0.387,3.1,7.5,0.416,1.3,3.9,0.331,2.4,2.8,0.86,0.9,8,8.9,4.7,1.1,0.4,2.4,1.8,12.5,6.28,0
Kay Felder,35,35,36.7,7.7,17.5,0.44,5.5,11.4,0.485,2.2,6.1,0.355,6.8,8.1,0.848,0.7,3.5,4.3,9.3,2,0.2,3.4,3,24.4,-1.61,0
Malachi Richardson,37,37,34.4,4.1,11.1,0.369,2,5.1,0.388,2.1,6.1,0.353,3.1,4.2,0.72,0.5,3.8,4.3,2.1,1.1,0.3,2.1,2.5,13.4,9.75,0
A.J. Hammons,33,20,24.6,6,10.2,0.592,5.8,9.8,0.594,0.2,0.3,0.545,2.7,3.8,0.709,2.3,5.8,8.2,1.1,0.3,2.5,2,2.4,15,7.46,0
Stephen Zimmerman,26,24,26.2,3.9,8.2,0.477,3.7,7.6,0.492,0.2,0.7,0.294,2.4,3.9,0.624,2.2,6.6,8.7,0.8,0.5,2,2.1,3,10.5,3.17,0
Marcus Paige,34,34,31.6,4.1,10.4,0.398,2,4.3,0.459,2.2,6.1,0.356,2.1,2.7,0.774,0.4,2.1,2.5,3.8,1.1,0.4,1.2,1.5,12.6,10.69,0
Demetrius Jackson,35,35,36,5.5,12.2,0.451,4,7.6,0.525,1.5,4.7,0.331,3.2,4,0.813,0.9,2.6,3.5,4.7,1.2,0.3,2.2,1.9,15.8,9.57,0
Brice Johnson,40,39,28,6.7,10.9,0.614,6.7,10.9,0.614,0,0,0,3.6,4.6,0.783,2.9,7.5,10.4,1.5,1.1,1.5,1.8,2.7,17,10.69,0
Joel Bolomboy,33,33,31.5,5.8,10.2,0.573,5.2,8.5,0.613,0.6,1.7,0.364,4.8,6.9,0.697,3.3,9.3,12.6,1.1,0.7,1.2,2.4,2.2,17.1,-5.13,0
Michael Gbinijie,37,37,37.9,6.1,13.2,0.461,3.6,6.9,0.525,2.5,6.3,0.391,2.9,4.3,0.663,1.1,3,4.1,4.3,1.9,0.4,2.8,2.6,17.5,9.75,0
Diamond Stone,35,22,23.1,4.8,8.4,0.568,4.8,8.4,0.568,0,0,0,2.9,3.8,0.761,2.2,3.2,5.4,0.4,0.5,1.6,1.5,2.3,12.5,8.31,0
Ben Bentil,35,33,34.2,7,15.2,0.462,5.5,10.7,0.517,1.5,4.5,0.329,5.5,7.1,0.782,2.7,5,7.7,1.1,0.9,1,1.9,2.8,21.1,8.46,0
Isaiah Cousins,37,37,33.3,4.6,11.2,0.406,2.8,7,0.403,1.8,4.3,0.411,1.8,2.6,0.67,0.6,3.8,4.5,4.5,1.4,0.3,2.4,1.7,12.6,11.14,0