NAME,PC1,PC2,PC3,PC4,PC5,PC6,BUST
Kevin Durant,-3.35805309572989,-5.28618731035538,-0.543190647176511,1.11964807934522,-1.56899525203148,0.207881803191158,1
Damian Lillard,-5.16847796291181,-1.48857353033169,1.71788697931924,1.89526020868805,0.839512661261892,-1.62307633728464,1
John Wall,-2.93100708550487,-0.138842680958681,0.22588620702339,-2.73153879076033,1.66654194505643,-0.0930269935791423,1
Rudy Gay,-0.259217765953456,-0.384846490049374,0.276206516236068,-0.752565411779492,-0.655534954300969,0.236269465187344,1
Brandon Roy,-1.87834331387058,-1.90794515277835,0.563879113223335,0.200103437521648,1.10844493022935,0.140350119202965,1
Blake Griffin,1.31201127963554,-8.11801246586836,-0.625046444635234,-0.0995654111365945,0.947877623540975,-0.571684810061381,1
Derrick Rose,-1.02442379827244,0.804961199182033,-0.998258383605615,-1.11852011906932,1.50353844531712,0.1614546028046,1
Lamarcus Aldridge,2.80158366870415,-2.70647103748209,-1.25387152447453,-0.357731225356895,0.294306448722369,0.444630319660499,1
Stephen Curry,-7.59209439183432,-2.78464271300827,1.78748021805774,0.832329642885568,1.01061693268773,-2.20122716947224,1
Russell Westbrook,-0.584426698562747,1.61827541292483,-0.702138009543456,-1.97664404469663,0.773106451643459,0.173605768729035,1
Kyrie Irving,-1.37213910459602,1.4727943704967,6.15100448031576,1.42555830008139,1.32966965453449,-0.156118412226934,1
Demar Derozan,1.33348557783192,-0.242445861663455,-0.906620845828368,-0.282713759894733,1.09404332294014,1.23792642272186,1
Eric Gordon,-4.06802433904124,-0.324957211138953,1.60362842321696,0.221169152503476,1.37543567026376,-0.235829834696689,1
Anthony Davis,3.94913815590621,-2.60571700092486,-2.34262980228617,0.418582000551207,0.339162733110692,-1.52302709997057,1
Kemba Walker,-5.16950593102117,-2.24380441919507,-1.84201681641999,-0.334810052235663,1.24928591451489,2.05650272027069,1
Al Horford,3.74739166632187,-1.65774148812066,-1.10338572564768,-0.316922814093814,1.06664266646002,-0.35169748725877,1
Tyreke Evans,-1.77849796516986,-0.942664716624286,0.412914458131393,-1.83646158616871,0.725445288872313,-0.172193706214165,1
Chandler Parsons,1.11951083710739,1.71561176389628,-1.34869611215349,-1.17606289682107,-0.871932786721448,-0.649683546942925,1
James Harden,-2.80515153467509,-1.66075009211892,0.418009569182981,-1.14644786515235,1.39226124956948,-0.842993564631656,1
Rajon Rondo,0.814733797038772,1.73678707281287,0.200373175928323,-2.38128471541489,0.485379862869016,-0.113174428454778,1
Brandon Knight,-3.2990802792016,1.43139709823902,-1.04198180907103,-0.556761699397022,-0.330349737082114,0.452058236910367,1
Bradley Beal,-0.834682515231199,1.11381147523627,-1.10914636673723,-0.186596587591318,-0.558171602026099,-0.938926193010628,1
Kevin Love,1.32274511763792,-2.66548255504134,-1.76369792139869,0.882360192321998,0.591424739151028,-0.471431169372259,1
Brook Lopez,0.372293646868357,-3.96762797545712,2.04898399548377,0.704087310886424,-0.389500970515961,3.26363480267014,1
Mike Conley,-0.157174948867707,2.62026502461269,-1.28770566312966,-2.38409842130749,2.58521140325636,-0.755234341129399,1
Klay Thompson,-4.34444953770965,-0.702989289254877,0.57198282740555,-0.181139743949287,-0.922789948200898,-0.494539904440887,1
Jrue Holiday,1.08665066861369,4.2112921091019,-0.331539530956006,-1.52120440552931,0.227058073715817,-0.767382876090892,1
Paul George,-2.43050242173773,-0.0143735262209227,2.08280068234834,-0.710678759939507,-1.72159280498416,-1.95726116269596,1
Jeff Green,0.315649222891243,0.301248536190683,-1.28472308659551,-0.474664496999404,-0.00842183371189287,-0.447896578127443,1
Demarcus Cousins,3.30623067194229,-2.99863402493632,-0.547980772140872,-0.659868294257633,0.395759076778614,-0.041605986398735,1
Jimmy Butler,-0.574673735864955,-0.142613703241454,-1.03968350040335,6.02281841275282E-05,1.24162579848083,1.22015254640549,1
Wilson Chandler,0.791518316945109,0.180835509924779,-0.682779518751644,0.399492245384482,-1.83157972567583,0.852462112483162,1
O.J Mayo,-4.17522362693278,-0.243190659381967,0.271120801783957,-0.137118319266137,-0.661773725443284,0.440442609816492,1
Greg Monroe,0.663287365780488,-2.95335671119597,-0.0887457626392157,-1.93783140489913,-0.153041286906032,0.33073483961024,1
Gordon Hayward,-0.320384324568199,-0.265363640784782,-0.824742681135416,0.342106403517379,-0.0346552028855178,-1.37494808049224,1
Thaddeus Young,-0.193449236215652,1.50079998093656,-0.0884984239800358,0.272085539569729,-0.431374030997979,0.951714305745926,1
Khris Middleton,-0.154468708594045,2.04895445138706,3.1557860847534,0.796367135272389,-1.32466167007203,1.62071327441835,1
Kyle Lowry,0.183660228924943,2.10583021227019,0.852294681000187,-2.51692754393228,0.442418967068508,-0.0425281641152583,1
Nikola Vucevic,0.873411829388309,-2.53730239222647,-0.985918717023927,0.763073157066222,-1.61050765632241,0.260147960465977,1
Kawhi Leonard,0.0453622599302404,-1.87234053797531,-1.00685684317797,-0.82980857838603,-2.02179453846101,0.59136274687116,1
Ty Lawson,-2.09960794137348,1.63325382483855,-0.00646950383761838,-0.857018461673958,2.80746533153235,-0.840048449478056,1
Andre Drummond,5.24919799709019,0.241493768695005,-0.56841219536828,-0.80316089053088,-0.620746203914267,1.21873444177508,1
Joakim Noah,2.44237172048903,-0.460802954523488,-1.85601832783844,-0.623544126882488,0.285122469572837,-2.56092183022977,1
Darren Collison,-1.71953853726789,2.45444352632349,-0.247146824840421,-0.284006988705887,2.12338397641454,-0.48982876014519,1
Isaiah Thomas,-2.72129929451607,1.23387762448089,0.276134591949753,-1.34054091709985,1.31617594814565,0.0208589314539667,1
Paul Millsap,1.86985790673308,-6.64404580682909,0.0485637162835814,-0.422034312888742,-1.2828568624792,-0.878384226432968,1
George Hill,-2.66836431636626,-3.06064886850223,1.73873968614956,-0.0133459723480037,1.24925509335932,-2.56631963952774,1
Arron Afflolo,-1.96301315477802,2.59895307060001,-1.40724100789293,1.79224708756922,0.564721834987087,0.2927295838476,1
Evan Turner,-1.98452869435307,-4.39675210980205,1.18420019402462,-2.25594089378964,0.0974797298224161,-0.00343437624077322,1
Tristan Thompson,3.55839755186544,-1.78412249977311,-0.26908818546162,-1.18161254065121,0.61524192851725,0.808854819728448,1
Dion Waiters,0.587533592909817,4.00723444312138,2.00806050563699,0.995252435358585,1.4089812442162,0.827021119678099,1
Tobias Harris,0.587533592909817,4.00723444312138,2.00806050563699,0.995252435358585,1.4089812442162,0.827021119678099,1
Rodney Stuckey,-5.19833119188719,-3.49765825377608,3.28157028577396,-0.210450937301801,2.02456983394228,-0.822632173928287,1
Harrison Barnes,-1.26550614669951,0.193518778308513,-1.13507275716893,0.5934805996042,-0.00666478651466537,1.54460740158859,1
Al Thorton,-0.5388957572785,-2.60037136629869,-0.418061274224649,0.500985313215607,0.399347950342625,0.177122872826165,1
P.J. Tucker,-0.322319700990587,-2.83023813068927,-0.838289161492541,-1.88602696248574,-0.717949317184008,-0.512349713499671,1
Patrick Beverley,-0.333755454588608,2.69821337641668,-0.425308315438797,-1.05342723886339,-2.08215723614391,-0.606920686258436,1
Courtney Lee,-2.66080144740062,-1.08544912436547,0.205112849696622,0.972099324229731,0.276168901477501,-0.89881459034622,1
Mario Chalmers,-0.729233000300578,3.38132251324848,-1.0664894247895,-1.44016403631092,1.22429538482311,-2.46875691147763,1
Avery Bradley,0.388635418173843,3.34545941522401,-0.267369139026156,-0.639664384558044,-0.777870994194539,0.768815940929553,1
DeAndre Jordan,6.04681043367841,2.42189686812676,0.384010037875751,0.611891842997002,1.72279593626859,0.353660484490554,1
Kenneth Faried,3.40070893189508,-6.64094330482867,0.369675516356652,-0.92106608379947,-0.480678818210212,-2.38538166813694,1
Randy Foye,-3.63859764767594,-0.0785810343987432,-0.229118629847804,0.702344651825394,-1.1479413971023,0.88048695388453,1
Gerald Henderson,-1.31645959349725,0.427763569656648,-0.854975798576572,0.00900511102325513,0.438493038899495,1.37262811791424,1
Michael Kidd-Gilchrist,1.54503875470197,0.375268013722416,-1.52916118725137,-1.10164547831479,0.127118242103037,-0.168033020125807,1
Jeff Teague,-2.99135632660062,-0.152136363197594,1.65446747791333,-0.834734310192476,1.47957565757323,-0.00386885278156786,1
Ryan Anderson,-1.34325241437324,-2.48290670559359,-0.63090804688109,2.01067740331615,-1.09756997563073,0.598057638101599,1
Derrick Favors,4.07689825926794,-1.23341017534456,-0.773677105112773,-0.556100753229584,0.926058289820349,-0.187391914086654,1
Eric Bledsoe,-0.276982283466419,3.35872955764949,-0.306702694491729,-1.48509961374178,0.503426310056165,-0.858598410552043,1
Roy Hibbert,2.57195306036598,-0.373341692478486,-0.708451438429866,0.935501745624924,0.120746083444553,-1.66938904130786,1
Iman Shumpert,-2.60520010507914,-0.320647813625233,1.37324774050323,-1.3741305324213,-0.481276539548527,-0.111486245160191,1
Draymond Green,-0.794658514485182,-1.48375211554129,-1.01280295201503,-1.87632434216847,-2.20906360794245,-0.149438283749062,1
Markieff Morris,2.88701612108822,-0.444011007553199,-1.13040589957397,0.458228355116002,0.532839800195352,-1.41288975481244,1
Jason Thompson,0.925655929641941,-6.62323675721468,0.596746080784911,-0.135168144737765,-1.09191764403429,-1.51412282883759,1
Corey Brewer,-0.367612873700455,1.84899392349347,-0.618176558188459,-1.08884005328099,0.947440754015376,-0.638664662915219,1
Lance Stephenson,0.630221999668304,1.43965118184111,-0.157589095781301,-0.728815666866939,0.00815654190533551,1.61783664396048,1
Taj Gibson,3.50273384712683,-2.59316554750964,-0.6744680098326,-0.614989212875434,0.433646536882357,-0.136486110974775,1
Jared Sullinger,0.73062198084197,-2.78458710618832,-0.986873703007718,-0.0404922649511591,-0.303547368807451,0.454016642242806,1
Wesley Johnson,6.66805533366307,7.49505129591336,3.69122353842347,2.04919817402156,1.76309112121323,-0.887778927367907,1
Danny Green,-0.305299902843311,3.13462478789613,-1.54942562291496,0.0961255236194755,-0.600826730492027,-1.18640943231853,1
Marcus Morris,1.32992744525218,-1.78801045702509,-1.18210080479117,0.91728755074092,1.35245241401286,-0.317806077312344,1
Jordan Crawford,-3.28291447128882,-0.206046334354612,-0.531707285567443,1.18369847197619,0.17161584018021,0.728873553732474,1
J.J. Redick,-6.43409293045476,-0.285857251372792,-0.674443849789874,2.47567805253849,1.68113107382678,0.456842810755816,1
Michael Beasley,-1.34057646802047,-7.4197880076674,-0.00439223138018457,1.1977433293696,-0.472646234554532,0.914889680551987,1
Jodie Meeks,-5.02479176266933,-0.16299657519355,-0.175288165422025,2.09257613606645,0.947327331232035,-0.492369460274953,1
Ramon Sessions,-0.888306029313968,2.03458129157875,0.584590875264315,-0.629084552277312,0.420528302188016,0.242542971750302,1
Jared Dudley,-0.766130987697551,-2.24860687910879,0.23311336509587,0.179112972117446,0.785186048299548,-0.513208712537047,1
D.J. Augustin,-4.29760061427719,0.633356263545881,-0.895341531322776,-0.765633248514571,1.27038869893875,1.13024307353494,1
Terrence Jones,2.16022914029175,0.302456090956388,-1.09406587403068,-0.591722541350458,-0.414532588832562,0.0424127316436154,1
Hassan Whiteside,3.6679002047618,-1.68448700781773,1.0590297407445,0.795340140017625,-2.17328357739948,-0.968946179258637,1
Reggie Jackson,-2.24156545635488,0.862840004904305,-0.34381904000863,0.763960293940911,0.897712198044579,-0.286951294885519,1
Patrick Patterson,2.17271200457498,-0.358677125248438,-2.36035165521624,1.55800072163403,0.764790849340084,-0.381895006266631,1
Greivis Vasquez,-4.24755868255404,-0.0458093132185943,0.657154684398266,-1.03030064180849,0.150201556417431,0.505416845972795,1
Marcus Thorton,-2.63149277077025,-1.06554367675456,-0.231117434742654,1.3792538166571,0.272210337872061,-0.172226755937899,1
Landry Fields,-2.06725519364456,-4.36655569773914,0.425428866758072,-0.0866188179103638,0.235256630706,1.25185021249467,1
Kyle Singler,-1.33494880349099,-0.0275284282615286,-1.4006966570542,0.533651285740504,-1.18386663346445,0.50707138160508,1
Daniel Gibson,-1.7911417939391,4.10422089216219,-1.06872957511166,-0.336382241859968,-1.3182372459088,-0.87142480247822,1
Terrence Ross,-0.855423962948322,0.560084312889166,-0.661418110860068,0.762806300951732,-1.57399103336233,-0.904253947654993,1
Spencer Hawes,1.52681281166867,-1.04278301828449,0.906154796918337,0.681230135663195,-0.126600481013911,1.25292767321283,1
Al-Farouq Aminu,0.723204528831999,-2.69904031877026,0.84954063425328,-1.41664534739689,-1.86230527412339,0.792322957778453,1
Nick Young,-0.835602291658769,-0.342426356686022,-1.05332960795288,0.868862072373178,0.785320067185854,0.236614501920153,1
Luc Mbah a Moute,2.37711780374749,2.59580660563402,-0.428554591748612,-0.682774292895374,-0.311889302501923,0.816869001976959,1
Ronnie Brewer,-3.09691191574834,-0.0120446713630699,0.668266962110993,-0.501197180628013,0.601608183733563,0.467377085990118,1
Alec Burks,-2.0865854709341,-2.79325004469325,-0.219819228362189,-0.0669347108446947,1.30879759086163,1.1709448666637,1
Jonny Flynn,-3.53604304478515,0.603736476987176,-0.675702952679065,-1.78107879818964,2.39335158778465,0.836687041649107,1
Norris Cole,-4.5058867947181,-2.45749585174297,0.702745015507011,-1.09815087157553,0.699716169654696,-0.11780973168379,1
Aaron Brooks,-3.05023762066262,1.01861265535132,-0.338329438162439,-0.124556733196291,-0.169635701229535,-0.723499398573444,1
Carl Landry,0.955138707093116,-3.6776212092888,0.391402894667668,-0.219517037085757,2.37249628392134,0.122581792230901,1
DeMarre Carroll,1.03053507202402,-1.61482599107997,-1.38664205232141,0.0506717243593373,1.23554823225809,0.00933190579351328,1
J.J. Hickson,2.81602350446988,-1.91265416142766,0.875458772671025,0.2106110635614,1.38264824661283,1.10946469132498,1
Robin Lopez,2.96884195500642,1.46106166506682,-0.479979696340182,0.468001810037428,-0.901894335980767,-1.06556698323847,1
Brandon Rush,-0.615575025266104,3.37525835513484,-1.20056824574243,0.786294893877252,-1.38046409855629,0.567143807685105,1
Maurice Harkless,0.175623067070048,-1.83241922047464,0.0154199052295691,-0.870847684417041,-1.41926981163348,0.870863292385977,1
Derrick Williams,0.161806361995215,-2.87146362463459,-0.790994330811103,0.465931853944445,1.48394779730855,-1.29056659764365,1
Ed Davis,4.00762929835169,-1.54091002227235,1.92334027559345,0.824366846173336,-0.152257421091926,1.36622293439735,1
Tony Wroten,-0.959235045221932,-1.49195369298613,1.80030196682486,-2.7490564887973,1.24771157124067,1.20901694873708,1
Austin Rivers,-1.63742740916662,1.85169128138661,0.00308984701813741,-0.196283684953449,0.10094125200586,0.80789584319012,1
Jerryd Bayless,-3.70525631427432,0.538012239460317,1.33600438352079,-0.0149607375031538,1.26840171197246,0.921098422868117,1
Jae Crowder,-0.433306643218734,-0.936305937152774,-0.871537619118597,0.112485884495673,-0.376770585915845,-1.79511650895806,1
Glen Davis,0.0269844390807716,-3.26717340690507,0.961963742386138,-0.471547173751877,-1.15852739265562,1.04514393756689,1
Dante Cunningham,1.38423999513848,-2.4565427790278,-1.17150057166442,-0.766230457829477,0.547742557138865,1.61003734361964,1
Adam Morrison,-4.66573063811433,-4.44280397495626,0.52582014363587,2.35738523358681,1.3716263856083,1.40507225252133,1
Trevor Booker,1.47934923201089,-1.66581918598041,-0.0795009947358077,-0.435997283681419,0.0346446538581177,0.844677827437043,1
Larry Sanders,2.98900409875749,-2.23887927959595,0.253536561925472,0.470415477031156,-0.916682645601398,-0.632909073450627,1
Chase Budinger,-2.23939984137552,-0.0218451385435738,-0.936704574080918,0.0924118542017664,-0.109834357034021,-0.0888209659954063,1
Chris Douglas-Roberts,-0.802774018804949,-0.405556609964997,-1.46969237558841,0.890260863801955,2.27375646118752,-0.0271263336458261,1
Tyrus Thomas,3.63575406393394,-0.739213673199089,0.384550924094394,0.792300671763635,-1.07063764955765,-1.88054993714215,1
Wayne Ellington,-1.08591013259308,2.29424460094239,-1.939479946647,1.34827872930856,0.207399728639889,-0.0961914031700895,1
Jordan Farmar,-2.25428388012664,3.24724586253838,-0.428869824667666,-1.68059250040447,0.463145232131932,0.403963843514437,1
Jeff Taylor,-0.510309743369833,0.786071862130789,-1.13599122078235,0.181803039114916,0.119169145594162,-0.0286939268418002,1
Greg Oden,4.05630956250056,-3.29447735998062,0.132169842291018,0.497502822421574,0.550148526524842,0.377534156097269,1
Josh McRoberts,1.56112132468046,-0.872216192795898,-0.169192736180582,-1.71461737293637,-0.736504604141641,0.554836274156378,1
Kendall Marshall,-0.468414162469794,4.85953197320137,-0.246272072308367,-3.31277157889549,1.48552566514243,-1.01332309770658,1
JaVale McGee,2.60823577933496,-1.36687319701066,0.734763917151903,0.366667592981063,-0.732434837666333,-0.854478228172274,1
Toney Douglas,-4.2231464973447,-0.397350070815563,-0.0564821950646405,0.235962068967375,0.550623419307735,0.28489858617398,1
Tyler Zeller,2.24386089884676,-3.06658714266797,-0.987515697947544,0.112292586016209,0.587690982600228,0.786636984311001,1
Terrence Williams,-0.63420970093225,1.50174393695072,-1.27479576272046,-2.68388224705416,-1.82083947864006,-0.511949595079228,1
Jordan Hill,1.66935022398216,-5.14048192200508,-0.490882818754633,-0.88481964456078,-0.706768147877174,1.69969858204901,1
John Henson,3.2711673355615,-1.87715295694046,-1.11222670596489,0.0275987555712064,-1.33661425325438,2.22335596765683,1
Stephane Lasme,4.69622546236467,-3.32147535606825,0.958235130102916,-0.362626290622044,-0.479227165735934,-2.11688711379807,1
Kyle Weaver,-0.549190007751485,1.57058021126333,0.126742735291353,-2.14313353570177,0.320179734230433,-0.393590532125666,1
Derrick Byars,-1.8226108626927,1.33949899782865,-0.369199919421238,0.121568114633128,-0.168085526196336,-0.47025657637267,1
Lavoy Allen,2.05400347845599,-0.19902074911196,-0.359007002132275,-0.411448114444558,-1.85739117494619,0.306336616999692,1
Darrell Arthur,2.9146584523266,-0.193961051818869,-1.6795467246468,0.0600068157018215,0.439098532995676,0.535326090035024,1
Daequan Cook,1.99080324044331,5.44834021163216,1.06513124769083,1.53485526604607,-0.656592884514717,1.37442868102536,1
James Johnson,1.65402380945395,-1.31297679739526,0.176323634609335,-0.137962067048638,-0.585267863833368,-0.954286077959021,1
Byron Mullens,5.80673342531797,2.79529002875407,2.16839073924505,1.6079557800858,2.39813990398278,0.605765743181473,1
Sonny Weems,-1.26248369338506,1.53906763305471,-0.326847289619669,0.00453291560774611,-0.267811813497256,-0.0469159213680512,1
Will Barton,-0.831188448706783,-1.81843229361916,-0.582890832875444,0.238441144876341,0.0630602022649323,-0.286751302857047,1
Quincy Pondexter,-0.470334512374521,-2.84351098170923,-0.676642776998716,0.50478476774218,0.956809161752207,0.688084063803485,1
Shannon Brown,-2.32372229110516,0.877765679833009,-0.205636041711439,0.0999390141309641,0.0899706507119497,-0.23495279680877,1
Miles Plumlee,6.25299360804414,3.01038602324543,0.676677179325512,0.782170986928918,1.01209474689158,-0.0304854867270007,1
Cory Joseph,-0.298350007875504,4.42889830978783,-1.16425369515591,-0.680780193849169,-1.10214362787463,0.541068309408258,1
Chris Singleton,0.634349123505867,0.91509172336969,1.95774123629831,-1.0634448310595,-2.10821555403847,-0.590144838886939,1
MarShon Brooks,-3.38056797680528,-3.81963313055626,0.577978266720001,1.01188324860405,0.140987336244298,0.149335898263423,1
Josh Boone,4.63849536326067,0.631266147724511,-0.393559095386503,0.315307139380245,0.493969961423635,0.695998222453207,1
James Anderson,-3.11431618676822,-1.73741366611055,0.560451849621933,0.919536032141815,0.558092342897797,-0.29288816712273,1
Jason Smith,2.19540995562926,-3.97637623667044,1.81500086495564,-0.23803918505767,0.420057774424818,-0.190441024101446,1
E'Twaun Moore,-2.09944052012709,0.591105360075737,-0.621684464257859,0.445859237021992,-0.69436448516321,0.979497114695856,1
Shawne Willaims,-0.00283099758492912,1.43104760233745,0.180243720133993,-0.600805870962281,-1.34869696182473,-1.01280896376361,1
Craig Smith,1.19489413109623,-4.12407330175562,-0.517294829870947,-1.14356385724536,0.957309197027859,0.0943473408235171,1
Tyler Hansbrough,-0.783620407414922,-3.70643637064414,0.108606055914374,0.734376463118872,1.12012331333205,1.5847582298047,1
Ekpe Udoh,1.97551802426781,-2.17930100072423,-0.991414221823671,-1.14693326677435,-1.82695217616076,0.42908581027303,1
Donte Greene,-1.86675637097283,-0.0154528985711737,-0.716776821647676,-0.0145194865662333,-2.41658336674096,-0.668907562270252,1
Jeremy Lamb,-1.85837342221007,0.803655674742327,-1.03681093320197,1.62371453160186,0.375075902820839,-0.470244612585342,1
Shelvin Mack,-2.63799207099824,2.226619507675,-0.960965264718478,0.315305983940865,-0.581719433883797,0.150728939706091,1
Meyers Leonard,3.17200931747384,-1.45830636984648,0.189260000345118,0.319596032945289,0.211368201969955,-0.0297670360743793,1
DeJuan Blair,3.91507550259631,-3.7747109440036,-1.23543567364655,-0.159642130453229,0.0334679109266054,0.638898944107697,1
Brandan Wright,3.39497702613102,-1.13077581789551,-1.59873317081511,0.754085972648213,2.75241073375158,0.79047404119046,1
Javaris Crittenton,-2.23511788064016,1.63359888171,1.14673223103896,-2.60233108059414,0.890559540004651,0.198776682542224,1
Damion James,0.448124630914355,-2.84880687969927,-0.189632615658855,-0.188654524302119,-1.01800263343641,-0.386088328076375,1
Justin Hamilton,1.92073068192008,-0.33832217734637,0.095560937965256,0.193378736053652,-0.601609872168078,0.773198301554895,1
Sam Young,-1.12203037890532,-1.140659725672,-1.315327895776,1.33899686635384,0.316106243464573,0.892264954605502,1
Kosta Koufos,1.99686392457379,-0.132972017076317,-1.5435564478095,1.2758188233793,-0.599883658668588,1.05261431961729,1
Patrick Mills,-4.55735375634077,1.92323788557927,2.70811626563543,0.506422886034407,-0.315058704301482,-0.256966384184146,1
Xavier Henry,-0.580026891724223,3.16984446885698,-0.911659383296908,0.306727420596388,-0.322393729594027,-0.296512993430319,1
Mike Scott,0.587879131151507,-2.68428882122227,0.0791459106932805,1.48409426544001,0.830635278905127,0.655150010737899,1
Nick Calathes,-2.68412279016229,0.545874120094464,0.165825561585102,-1.48061674607092,1.11850739992384,-1.73638436389708,1
Dominic McGuire,1.41659485549223,-2.08132808474176,1.44448714413928,-1.84935681641579,-2.2151361387065,-1.7546095207455,1
Shelden Williams,1.63795509702337,-5.23086214369757,-0.399061016641909,-0.710865813091122,-0.296543138457846,-0.799604260817264,1
Rodney Carney,-1.54520108801425,2.15636996496758,-0.289422394077346,1.63630007422999,-0.888418376386905,-0.414789776523257,1
Quincy Acy,2.58742611078226,-0.255589360855362,-1.27306111498548,-0.231597799067506,-0.0117475215101419,-1.59976977381731,1
D.J. White,2.18507972661306,-3.92176831366208,-0.384171687471156,0.806935301772542,0.248596217426243,-0.228193381437732,1
Anthony Randolph,0.983912435804097,-2.77660119007415,1.03048941939912,-1.0330816114277,-1.28404752006904,1.35304854677205,1
Marcus Williams,-2.39301393535319,2.98073581869418,3.63831137919278,-2.33951208389808,-0.297977633043138,0.924666399028714,1
Marreese Speights,3.72347683766427,-1.64339733020976,-0.905652463723629,1.267269406238,1.4070208480464,0.128568103985917,1
Mike Taylor,-3.86295267941628,1.51784878686255,1.9692510271756,-2.58159706970918,-1.872980346426,-0.0985729617955588,1
A.J. Price,-2.68510534308902,3.47830186123373,-0.566494822036687,-0.460158176685665,-0.593118552010979,1.16981385152598,1
Andrew Nicholson,0.972548679662547,-3.12169350305347,0.495127291364914,1.41242933112745,-0.149018672565351,-1.03250362715177,1
Derrick Brown,0.892563831807363,0.939672541048347,-0.495054182874083,0.600430550887909,-0.354061031012349,-0.676094313269919,0
Jordan Williams,2.63562092985453,-4.38880057715086,-0.303792629969002,0.181661058781062,-0.659633617143747,1.55477054389257,0
Malcolm Lee,-0.448988507401431,2.61532107559501,-0.000747890778441493,0.389486275635352,0.412922330638626,0.235601731253743,0
Mardy Collins,-2.44142890445259,-0.0706590660448843,0.528429535928708,-1.73302678374489,-0.0610573488016197,0.251385341483178,0
Eric Maynor,-4.80694653187262,-1.62490166071967,1.41794409570273,-0.331334149600564,1.56692473218343,-0.889887504314253,0
Robert Sacre,2.65611069824889,0.545003628127709,0.850153738988774,0.215252524477714,0.629919504811714,0.566404721797223,0
Sean Williams,3.82809550106381,-0.986644490465309,4.78194364474249,-0.545207142723232,-1.24507620851047,0.140307975955515,0
Robbie Hummel,-1.15780760633577,1.04197818430448,-1.23882044999881,1.40669782147853,-2.32992229799746,0.86632720792734,0
Darius Miller,1.43923713476598,5.1325779044572,0.267280187916366,1.25701989484652,0.756783692153601,-0.420767034184879,0
Festus Ezeli,4.50323055373067,0.931225890194072,2.65119861494475,-0.252801634054597,0.140726616983062,0.685517767096354,0
Austin Daye,1.4915036640681,0.907425372519552,0.192524131207416,0.243574368230619,-1.92353802544457,-0.975684261692341,0
Kyle O'Quinn,2.52120629041191,-4.01488276399008,0.649668934935016,0.187651919872953,-0.379126245819699,-2.83589598334921,0
Jordan Hamilton,-2.02222640321926,0.0628096708410532,-1.53338678952716,1.30634250287608,-1.76323489156126,0.603276622452935,0
Renaldo Balkman,4.0891186576973,1.66563045426498,-0.27791172150353,-0.599320560432172,1.45836722049557,-1.08108677515658,0
Leon Powe,-0.408478901505007,-5.00534055695001,1.69233511209683,-0.0108137046680745,-0.10554026742449,2.27144468356087,0
Earl Clark,0.172687770557601,-0.71075740754944,-1.20611586485403,-1.49113450528595,-1.32345174294328,0.671705737079871,0
Thomas Robinson,0.499291208407343,-4.20958369770916,-1.80551385802986,-1.09755877033476,-1.37831815265308,0.886128937021641,0
Jon Leuer,-1.00498178253742,-0.672698649122458,-1.15153968046052,1.72769350641315,-1.14471982130877,1.08626576410943,0
Luke Babbitt,-2.21523349844546,-3.86147099338215,0.114414463752058,1.11717351434432,-0.61946534534202,-0.23270092298453,0
Elliot Williams,-2.76085281777941,0.478433946591744,0.900831611275959,-0.306969753919717,1.41024824690459,-0.686826676253945,0
Quincy Miller,1.13228956513068,2.99488740964664,-0.855308739224603,0.0972007798777124,-0.344432592907047,0.85116423061104,0
Jimmer Fredette,-7.50164267368795,-2.45089049770915,-0.28167592176004,1.79913194607393,1.68945100650294,1.17478450121949,0
Julian Wright,2.65054188946436,-0.362859185604256,-1.11281855988431,-1.33806829656485,0.236340368352684,-0.425110248735296,0
John Jenkins,-3.31689295466951,2.88274226409634,-1.24388987076518,3.19132644450324,0.404296779484555,-0.488804068113395,0
Alexander Johnson,2.38637818490295,-0.68205890821578,1.94029982763844,-0.324398112508467,0.203167221694938,-1.04684111690061,0
Acie Law,-2.45550573068747,-0.166320865859853,0.447230301364743,-0.45182597290488,1.37741298140196,0.189432270172499,0
Doron Lamb,-0.830639632622287,3.78828271258772,-1.71557118855959,1.43414368978842,0.332108094263125,0.259373496972268,0
Luke Harangody,-1.06886324391839,-3.98297202348993,0.704796857439133,2.01193529267044,-0.848457091820579,2.21170202320752,0
Arnett Moultrie,1.06334518047543,-2.95554933169014,0.293253085459946,0.6074384703408,-0.828775068934972,-0.0480015763361214,0
Steve Novak,-2.1396942965288,3.26590696303584,-0.803001934620082,3.33130251284305,-2.05066587333615,-1.1336739328908,0
Jermaine Taylor,-4.40756755191536,-2.6353608576404,0.836039032022152,3.022014708356,0.344151451992598,-0.0475149664470499,0
Aaron Gray,3.80018724083869,-1.96048879822287,-1.17020825360939,-0.0622589305117308,0.129640723592964,1.2152199319909,0
Charles Jenkins,-3.97419477048932,-1.44461077236711,0.958673732996402,0.992127513025273,1.96454331253629,-1.20351236730487,0
Will Blalock,-2.7533379931452,1.68455614707936,0.927820514035601,-2.01366037212505,0.160363148894719,0.443339416954867,0
Ryan Hollins,5.79012481438641,3.21358024673106,0.565846904898011,0.766295328638798,1.89265833645983,-0.107655993087948,0
Josh Harrellson,5.60771554583647,1.50333066605218,-2.45433560820943,-0.0146682495981214,0.0881814323770924,-1.26354418953777,0
Perry Jones,1.64400455815619,-0.295323490334763,-0.661158290224675,0.197946444108168,-0.704061861013234,1.1248546768045,0
Hilton Armstrong,4.07554032644574,0.70659361679693,-0.0675681514547488,-0.00126256308624104,0.0479599158866186,-2.09126858688302,0
David Noel,1.02428529611807,0.792005214059004,0.123317782120039,-0.994485832274547,-0.502835020698701,-1.3716053815652,0
Joe Crawford,-1.73590702877688,0.913698628373479,1.42556043863363,1.35070686238782,0.135979829600273,0.101874723904593,0
Joey Dorsey,7.09449235408324,0.87323360961608,-1.17141841985783,-0.875094214940436,0.503105676715087,-1.98607131720446,0
Devin Ebanks,1.13522804365292,0.306273391659163,-0.458969680044791,-1.11215540446211,-0.325925844401446,1.80296265459041,0
Joe Alexander,-0.253941473248734,-1.81931618923893,-0.130357944632156,-0.230805616914593,-0.341915224214394,1.4777018209392,0
Chris Richard,6.59274411736489,4.33057565484157,0.949253036720109,1.8337261851329,3.6532123539036,-0.612952351376334,0
Darius Morris,-1.23715906460949,0.427266324510064,-0.330586171288765,-1.88402898970086,1.74665694850051,1.29666071332348,0
Cole Aldrich,4.6040169882422,-0.990896032783423,-0.864686354578726,-0.398730435749608,-0.697590973784487,-0.198018505762956,0
Orlando Johnson,-2.85703347154541,-0.745483526130588,1.19963007979255,0.975391385009818,-0.829676019815565,-0.276716402908049,0
Quincy Douby,-5.59487098827804,-1.23310155749457,0.136877950086412,1.84263027776844,0.0892285840198717,-0.24610867701619,0
Jarvis Varnado,4.1224127875414,-3.00865698679826,-0.549709260930451,-0.187417132447981,-0.608182718378661,-0.62448158913938,0
Daniel Orton,6.68492663214266,6.43469718764431,2.17504114047333,0.440733148290874,1.10908760922439,0.579899138603561,0
Hasheem Thabeet,4.94591540047338,-3.00298458913779,-1.11232589451722,0.147133897817147,0.21049377010432,-0.816136280086626,0
Dee Brown,-3.80012527443504,3.61957807533646,0.348442442225359,-1.50545143212984,-1.15364343018897,0.300148942802924,0
Jeremy Evans,4.80208485885811,0.359231574574618,0.0711388460499933,1.29110554834013,1.00885113105172,-3.25412139043609,0
Jon Brockman,2.73978244259921,-3.0759381638834,-0.471860163720904,-0.8002641258254,-0.589079588896558,1.30320692914813,0
Lester Hudson,-6.01786062306939,-4.31307552853841,1.44681810239275,1.39696926545013,-1.17104664800411,-2.01772171647554,0
Nick Fazekas,0.388080673472405,-4.22964403513152,0.0271358064226577,2.16389040959382,-0.779300973815625,-0.918505334097287,0
Nolan Smith,-3.72472512718791,-1.13683099690836,-0.455856868663753,-0.532745974875309,1.36211382333533,1.17790379541171,0
DaJuan Summers,0.0789489031853123,2.27843386102673,0.62771221407775,0.0708641670847358,0.0465835286548675,-0.727156021526216,0
Kim English,-0.31786584519721,2.39278142752749,-0.773646111174006,0.89657858595533,0.358229085867092,-2.09523660048957,0
Andrew Goudelock,-5.43829791171662,-0.490066221818358,-0.455052288079431,1.89762411623166,-0.200306658925006,-0.7589542227263,0
Marquis Teague,-0.663902084527643,3.54956794626139,-1.16688741361453,-2.52025267065795,0.118997338052851,0.653829660255564,0
Bobby Jones,1.75920960154595,2.56077679272188,0.490719408970917,-0.48044169012548,-0.0987141280508808,-1.41054029986283,0
Morris Almond,-4.48013601822601,-3.91043673494934,1.47335297561475,1.78994676801249,0.319672515962248,0.0746525994718504,0
Cedric Simmons,2.59113006233655,0.140871427253585,0.502059349570019,0.296351370038699,-0.359818460156186,-2.4806493051647,0
Dominique Jones,-3.29694887615844,-2.47460873145625,0.889732367882723,-0.77786766697721,0.554739733927213,0.097065765339227,0
James White,-0.881744776508392,0.494754015766466,0.0581671833945294,0.417612706902564,0.172448759867914,-0.549891354089745,0
Paul Davis,0.951358711936139,-3.12017969029957,0.180754975639189,0.250870694514937,0.316393832990819,-0.277737231773233,0
Armon Johnson,-1.36188809705532,-0.127254185537924,0.412042099911449,-0.977650201859612,1.59990062883083,0.52462974042605,0
Alando Tucker,-1.724730182103,-1.5736673618202,-0.946992296522534,1.13533392169487,1.13099524423813,2.18972410877523,0
JaJuan Johnson,-0.58264290893485,-3.79495864666738,-0.811030869742986,1.47457534744525,-0.373818093757499,2.3216845321105,0
Bernard James,4.68082356275213,-0.231679972753566,-0.955273749780783,-0.0980851292661321,0.687237141549478,0.0499012942255761,0
Jermareo Davidson,0.534606820995811,-0.929274282296677,0.681370469174934,-0.130797360371142,-2.25251523715026,2.43470087856006,0
Lazar Hayward,-1.71672515067079,-0.730603736307336,-0.326335053328488,-0.00613344882665813,-1.9980686962779,-0.177189373616305,0
Sean Singletary,-4.57386226869884,-0.537902771484238,1.59058194248475,-1.89922592973523,0.731472161854171,0.0358047929969835,0
D.J. Strawberry,-0.766191395240385,0.763026802805848,0.1033642908998,-1.29783239193018,0.619244219673933,-0.221970237443155,0
Tyshawn Taylor,-2.53282002262326,1.2254427123361,-0.862180865794205,-1.53480762204665,1.86929177655636,0.378418707717834,0
Josh Selby,0.705268110204653,6.81574929794651,3.02880990745047,0.295356718116769,-1.52710757100851,1.76769035122431,0
Darington Hobson,-1.22990143792403,-1.19470581968633,-0.072813341819049,-1.65466447786499,-1.2106108053814,0.150712311955152,0
Jerome Jordan,2.46166787946525,-2.99847198290158,0.412391319799983,-0.200134801857079,0.237298225258295,0.0281377535435314,0
Malik Hairston,0.107391759353165,0.640062595316024,0.273673174805069,1.24027604621837,0.237410530166278,-0.74459695791833,0
Hassan Adams,-1.08694028879832,-1.21341628686698,0.119431910516424,-1.0741728032332,0.553741559498883,2.09899309928301,0
Darnell Jackson,3.64943492420077,0.886500681807822,-1.74564087778864,0.648700919450926,1.87453611299341,-0.879584967675533,0
Gabe Pruitt,-1.44928328781382,4.08832731208474,1.91768622689463,-0.474204085031601,-0.365656305490887,-0.398820965101376,0
Jared Cunningham,-2.85397907412994,-0.266987546880362,0.803653790869506,-1.40626745993676,1.29552561903847,-0.852690173967415,0
Willie Warren,-2.20294900789259,1.23953391522157,3.94353230257333,-0.383749943897645,0.676306625259941,0.591299827848401,0
DeAndre Liggins,1.11002980116232,4.43144079355223,-0.539452107235411,-1.42947698968228,-1.0788077995881,0.174827308324616,0
Craig Brackins,-0.824925792231904,-1.40522884136698,-0.210076557282208,-0.0236451165644648,-1.96969249181232,2.08270593615758,0
Solomon Alabi,3.15982678428355,0.363220005625116,0.553182279165497,0.395104468102363,0.395648661266373,0.82870269788315,0
Dexter Pittman,5.63695976723195,0.617720010420898,-0.104813770886866,0.63470485571959,2.27481806221555,-0.518969197456521,0
J.R. Giddens,0.391834874901778,-1.88399995013627,0.0848252316966032,-0.182302484747114,-0.402283925304813,-0.630455954427365,0
Justin Harper,-0.206521856619508,-0.207929533051937,-1.50177754843798,2.47449713421577,-0.503513966862058,-1.51363762203797,0
Maurice Ager,-2.71836150054345,0.491360350768201,-0.252771715130568,1.07832247802422,-0.0511764893866026,0.108312931675948,0
Fab Melo,5.37885880019097,1.98315875152207,0.505765566811785,0.0115941608677506,-0.228848027891627,-0.0537931293078881,0
Vernon Macklin,4.2731512963298,0.50920866092107,-1.08006578728005,0.0484625741548113,1.64935615837594,0.90200080584005,0
Patrick O'Bryant,3.84096978738416,-1.55973305447323,2.58528191618306,0.344711765698067,-0.743068791707987,0.477974678948364,0
James Augustine,2.55077390253415,-1.64537672501542,-0.459368579555142,-0.247555776796875,0.613889008625885,-1.51704767026277,0
Kris Joseph,-0.744206547787828,2.38376869042858,-1.19681598861955,-0.0823690647677128,-0.474575674463193,0.648656709474978,0
Derrick Caracter,2.54772664645135,-1.56758384082863,2.50082373664195,0.197301881531673,0.0108790423538652,-0.832837599568111,0
Tyler Honeycutt,-0.724817546774126,1.81018946887964,-0.291432928335958,-0.844285538220377,-2.56011947215681,0.298196336302905,0
Trey Thompkins,0.303176154934644,-1.47616044207157,0.638781876096242,0.380610808960715,-1.14831214805219,0.778656377231392,0
Hamady N'Diaye,5.50976154764119,0.339203665801928,0.902850356264787,0.281365849011166,-0.590264617854139,-0.645452268585901,0
Andy Rautins,-1.82942133411515,4.78593100500647,-0.297565537631023,-1.12468522242415,0.108813293926993,-2.895058123801,0
Travis Leslie,0.312782654949758,-0.46711193686163,-0.117992702477065,-0.280643621679099,0.0392485220397052,0.705501839908927,0
Taurean Green,-2.29989625145766,4.05989042336988,-1.37056614071121,-0.534351312391096,0.937459966921027,-0.757868888798455,0
Taylor Griffin,2.68809278032546,1.58506203059049,-0.656860228121147,-0.988678781850988,0.197348199754123,-1.00895847181311,0
Sasha Kaun,6.32511645027678,3.9579265652553,0.940543919510794,1.30796039739853,2.55446682455374,0.381200651587356,0
Ryan Reid,3.77603308552997,4.17563012994219,0.674266841052089,-0.393659620711977,0.642570363080979,1.62815100585362,0
Demetris Nichols,-2.84304087898405,0.828008964019285,-0.735779341427607,1.26227260076818,-1.40341125658821,-0.395928680533352,0
Kevin Murphy,-3.55675039193184,-1.04616021798919,1.1510578561057,1.02389849201055,-0.937077783793289,-0.413910622254677,0
Royce White,1.4384697815877,-1.89452351486721,0.373537853930565,-3.08234354121406,0.0779946235862705,-0.302731890978128,0
Darius Johnson-Odom,-2.77847257069617,1.26561452248429,-0.115395204547025,0.872997860014213,0.202067226637132,0.593305453747846,0
Guillermo Diaz,-3.2010407928468,2.17963208333205,-0.288779126970211,0.685718763416659,-0.194213291066708,0.813965162611633,0
Marcus Williams,-0.0403267081955395,-1.01291939580016,0.242660237865938,-0.00823666318105251,-0.118090857933824,1.34846225902518,0
Keith Benson,1.81027346548426,-4.58662321041331,0.167220961899677,0.484080896136585,-1.22058265278086,-1.22503111244756,0
Walter Sharpe,2.81580764285142,-1.59522310022806,6.31520027376235,-0.0951502924272654,-0.561300427198679,0.97815888941886,0
Gani Lawal,3.284148517448,-1.17403645542798,-0.715026056149542,-0.372666079698938,0.436340999953001,1.72702864993226,0
Jon Diebler,-1.17115646313347,5.75938235884421,-2.12378984804079,1.69519127084419,0.165635844233872,-1.3196029450467,0
Richard Hendrix,2.58794377752447,-4.40536002903377,0.0658763538962926,0.143892246939655,0.244026994095853,-0.146142301589322,0
Maarty Leueun,0.656784395979276,0.22496592893903,-0.635860644712327,0.960901895792058,-0.511070680125696,-2.03276097165982,0
J.R. Pinnock,-0.461450013253855,0.382562198051757,1.42916584749168,-0.440584887344873,0.612854131575702,-1.3472237032484,0
Shan Foster,-2.28147750887666,1.61410338485151,-1.18971395527545,3.06729143100815,-0.0581132740852423,-2.06632879644869,0
Ahmad Nivins,1.56095145440477,-5.66772829601749,0.576493007619466,0.530318390112271,0.796462986538281,-0.384584875523407,0
Jared Jordan,-3.64070002814795,-0.213662793093882,1.28469098169434,-1.55637268437404,0.243167464261096,-1.44741348015841,0
Adam Haluska,-4.18059425824731,0.998984613615834,0.573350691287556,1.60807685251625,-0.589346057468723,0.461155666184232,0
Sammy Mejia,0.299651489085238,1.04806970594685,-0.986659781408214,-0.131894378157127,-0.262560639608468,0.443848570523168,0
Deron Washington,0.18843575805922,0.179647492958256,0.13566105839177,-1.59261017881413,-0.881931607853478,0.786258097457609,0
Terrico White,-0.923092488579844,1.95894624447665,-0.859438782126547,1.20680814649556,-0.623798814735443,0.764359451453389,0
Tiny Gallon,3.85251230269666,0.844972609501318,1.28528093717123,0.162647106429022,-0.313712759116888,-0.0744582326453634,0
JamesOn Curry,-3.32604251173176,1.7888501116069,-0.192056313656617,-0.183582183636704,0.0185904716251847,-0.520510673577537,0
Herbert Hill,3.00821116011735,-4.54811250752655,0.414137194913727,0.132191743886416,0.911737582489224,0.0172761738095773,0
Goran Suton,2.38088132488776,1.68429178572577,-0.183307300166001,0.116599673970031,-1.05745552121652,-0.643890897702922,0
Reyshawn Terry,2.04176561257457,3.85985506737532,-1.34969439712828,0.155737894369222,-0.229234244933413,-0.642843811487302,0
Stanley Robinson,1.25048321021111,-0.39764255989116,-1.38308222208337,0.49728534857596,-0.323223663803318,0.639839240864468,0
Robert Dozier,1.7486395424855,-0.14781170937158,-0.600096334499906,-0.460057626877788,-0.296209865248991,-1.27874050304614,0
Da'Sean Butler,-2.26663190142355,0.516049099565756,-1.50642229406737,-0.200040304658412,-0.861806307700729,1.05575126265018,0
James Gist,0.694236618578073,-1.80938243070701,0.271486250644087,-0.534980845657782,-1.08438944943931,-0.417087206541002,0
Jack McClinton,-3.84188089389435,2.37640340946797,0.0776910272507985,1.62722540234201,-0.362711050792768,0.834574700004743,0
Marcus Denmon,-2.78536766828514,2.3354866061683,-1.2180488139537,2.14221389245145,-0.0680751358662051,-0.580941887883966,0
Denham Brown,0.512444287269065,3.93568483804843,1.24584806396415,0.877578393884721,-0.967114665286312,1.44726544691935,0
Robert Vaden,-3.36499122682073,2.12468766603786,-0.501875253028499,1.31193421752478,-1.93896715528489,-0.698171787289007,0
DeVon Hardin,4.51586044117832,1.37741864137512,0.980812893743751,0.0296976432504648,0.245174977063532,0.556861185715568,0
Magnum Rolle,2.72246455374401,-2.1155953929954,0.493157993051218,-0.0742495254023556,-0.805058142066533,0.233603093740303,0
Dwayne Collins,4.13064401749449,-0.532908209658678,1.24206990351806,-0.0624784554938783,1.37840235467495,0.301400097135447,0
Victor Oladipo,1.48227545270778,0.3194958885286,-0.835308498319295,-0.520626986611266,1.6009459817911,-2.18556472595333,1
CJ McCollum,-3.96792997818936,-1.46673530013767,6.10052372051744,3.12885488935841,-0.659476433964388,-0.101203328845353,1
Kentavious Caldwell-Pope,-2.53576792643546,0.454193647711643,0.403779176144391,0.615093905412521,-1.33774397087495,-0.865406586538257,1
Steven Adams,5.66259699541315,2.51948915626148,-0.177280606393925,0.0448932550989428,0.474512010654722,0.249524672229094,1
Tim Hardaway Jr.,-1.25197426198994,2.38978987443299,-1.98333168739498,0.165531808107379,-0.870147803100078,0.689204356244778,1
Otto Porter,-0.849529885100057,-0.0318402569878461,0.171102267453634,0.0368315706763958,-0.847870578463609,-0.120181798697529,1
Michael Carter-Williams,-2.19966167120263,1.85665929622244,-0.611612553566216,-4.99547577461555,0.0741022793097979,-0.39217363157629,1
Allen Crabbe,-2.20513618490521,-0.186408641156981,-0.351438642186361,0.726009336162273,-0.580255803698781,0.0815431555404592,1
Ben McLemore,-1.07039770341438,1.54378763096161,-1.2508140679015,1.14061682317456,0.174970258845139,-0.8003408455046,1
Cody Zeller,1.64013834567911,-2.51399790344,-0.338433936939863,-0.18970512999468,1.7232769321057,1.04667668529433,1
Nerlens Noel,4.79242596498316,-1.14654233754026,2.27997723460655,-1.38836779266947,-1.0216975327465,-1.41335624161388,1
Tony Snell,-1.55785101903533,4.28126430866292,-0.544839393856146,0.374320626657716,-0.288344750074429,0.43235684837454,1
Kelly Olynyk,1.74882860457768,-2.46443766939894,0.826778388810987,1.77899538724409,2.09065732599918,-0.669460281717103,1
Andre Roberson,2.37428253593754,-0.26772305334725,0.0300248400184303,-2.12423145015847,-2.55199159914521,-0.9534883357332,1
Mason Plumlee,1.85315107846954,-3.94798728288337,-0.642633922860318,-0.981525229241571,1.26413312267234,0.440039779344958,1
Solomon Hill,-0.482529859995802,2.15614582656325,-0.646908771087743,-0.264025157192002,-0.575791431364819,-0.505103599903178,1
Trey Burke,-3.56880338268107,0.903378940625821,-1.50525935043089,-0.828729035104181,1.23922334987365,0.469845266367601,1
Gorgui Dieng,4.02201272831295,-0.0613316831108003,-0.24862784469822,-1.53829068511558,-0.994230240206926,0.0621002791411296,1
Reggie Bullock,-0.401163727845905,3.07542672940852,-1.66777066655784,1.16716694846611,-0.75833542378543,-0.995447315211137,1
James Ennis,-1.02165875562129,-0.263780875618862,0.718302916272843,0.192305827715305,-0.0851950152630844,-2.2675236834526,1
Isaiah Canaan,-5.28962933506495,0.0399103178108002,1.92396524697245,0.951245282893421,0.222147647150629,-1.34513978960166,1
Ryan Kelly,0.786877753533228,2.68691334202932,1.85856782601585,1.38249284902123,-1.8258371890668,0.618484073017188,1
Alex Len,3.57026757038989,-0.446273034286965,-0.998060703929151,0.260409151874752,-0.251044412073416,0.0963539846435963,1
Shane Larkin,-2.09399816518054,2.60093350236679,-0.899893278439528,-0.835510350328657,0.709515640895686,-0.966292917873975,1
Nate Wolters,-4.32436098415913,-1.9649135205473,1.05327889854111,0.64310927252169,1.32080328868903,-1.15661185277208,1
Ray McCallum,-2.24070592625004,-1.12089504410782,0.673428479977615,-0.210297416464135,1.28189775438468,-0.854773534774366,1
Shabazz Muhammad,-1.13049479484437,-0.203913692093405,0.0324948937612119,1.4913529900779,-0.158624901063337,2.54643867562232,1
Mike Muscala,0.758976565637506,-4.63989922113984,0.357090988485047,1.0817507092659,-1.06481157531488,0.131052876807223,1
Archie Goodwin,-0.370779848017787,0.0105250073903855,1.13413047992954,-1.83184023319344,0.221756458973872,0.651885463174246,0
Anthony Bennett,1.43778091041328,-0.951743012267801,-0.353328339230227,1.32225235194664,0.018831897464443,-0.483303353762349,0
Lorenzo Brown,-1.86585832172124,1.74656501996416,1.05623623853819,-3.48520880803563,0.402202761639029,0.181848822935065,0
Pierre Jackson,-4.68089814608203,0.546284501140797,0.375601357991809,-1.37664308087532,1.07609391821803,-0.298216392169312,0
Jeff Withey,2.24136275197903,-1.45156780840962,-1.42086796200422,0.594633121652365,-0.993210362193771,-1.77453887631956,0
Peyton Siva,-1.53124898295196,4.11150381166709,-0.92473592533538,-3.24700609457703,0.519410938928084,-0.776972347405065,0
Erick Green,-1.53124898295196,4.11150381166709,-0.92473592533538,-3.24700609457703,0.519410938928084,-0.776972347405065,0
Jamaal Franklin,-1.6451732468946,-1.56742311940058,1.03893642073479,-1.52810541114825,-1.45762421207554,-0.389776302246657,0
Grant Jerrett,3.24344015269123,7.78036385056104,1.72277890187851,1.83938246696244,-1.6698391755015,1.46952170345865,0
Carrick Felix,0.702590888507192,-0.232956930564917,-0.646233785931307,-0.127290275265064,-1.30957515429539,-1.94801729727232,0
Tony Mitchell,1.37486167303646,-0.545933788224345,1.50110059443204,-0.153013881406484,-2.47560904387001,-1.87708133743297,0
Erik Murphy,1.47788840296336,3.05204496023417,-1.20246534880481,1.50504138326563,-0.740195106610491,-1.807164508645,0
Romero Osby,0.904233478322794,-1.041044105865,0.204824815115065,1.18834205118957,0.131725757578961,0.701510306679325,0
Colton Iverson,3.4059095275638,-2.38479317046504,-0.432725799286105,-0.2283396110496,0.996209301225446,0.157139525667263,0
Arsalan Kazemi,4.06414806681576,0.464873233405045,-0.0152697112854761,-0.956424542588238,0.721960986276755,-1.13572837700939,0
Alex Oriakhi,4.67878359033492,-0.289465412361648,-0.471670179829396,1.01573690237316,1.33025543598378,-0.793191301852051,0
Deshaun Thomas,-2.36758336137606,-0.307649448475346,-1.99082760830193,2.23526868756767,-0.38385693648035,1.8722130577105,0
Andrew Wiggins,-0.98472214021389,-0.457191805584123,-0.365196808808313,-0.351458737830454,-0.173632049836558,0.957257151262201,1
Zach LaVine,1.60624472586552,5.80656960203176,1.58073946932638,1.23818111846869,-0.0181448422023711,0.81291907736922,1
Joel Embiid,4.8416556083142,-0.286100043370233,2.00096517744438,-0.211359274096138,0.632143218323183,-1.08135309066538,1
Julius Randle,1.62811171924072,-2.38506956436172,-1.71015158443811,-0.942051760770076,-0.0263186697532729,1.29210805386843,1
Marcus Smart,-2.73610235161907,-0.557452698761363,1.67371166390578,-2.26490863927283,0.487921451557,-0.808553030591562,1
Gary Harris,-2.37426397393551,2.09319947807045,-0.634394225726084,0.412325125895657,-0.0970967413579521,-0.0483458252744114,1
T.J. Warren,-1.97604143773818,-5.55607504415272,-0.542452314953703,0.878484393497498,1.19053904706994,1.34745978245628,1
Aaron Gordon,2.37862078958925,-0.200512002965793,-1.83831811646201,-1.15495227735952,-0.698037463725164,0.789028328405193,1
Elfrid Payton,-2.13288878140122,-3.54827308000696,1.48726617060884,-2.64748119664855,2.17977028762189,-0.648308327837218,1
Jabari Parker,-0.581525128186162,-2.61218936957767,-0.593077520731555,0.431668354099098,-0.783685283360538,1.10528217997,1
Jordan Clarkson,-2.42554442248557,-0.22347202612745,0.0700260836961321,-0.384269588764362,1.00004913302173,1.07054768439843,1
Rodney Hood,-1.30469322925947,1.96547686764757,-0.650979729919151,1.08463039910658,-0.406230146068848,0.180388501764033,1
Spencer Dinwiddle,-1.36634320850427,2.89408837154613,4.35647072561922,0.483754553401052,0.861280924310229,0.120971304353162,1
Jerami Grant,2.44999183247134,0.398384583309176,1.18480853089536,-0.0180622418490018,0.383760629843144,1.81166938064249,1
Joe Harris,-0.0413860642316626,4.20890638657287,-1.12485195582267,0.0128373963772511,-0.325549110840811,-0.322130152244636,1
Kyle Anderson,-1.2159122008656,-0.526039293572907,-0.46308285980319,-2.65129122915302,-0.460575131475572,-0.291494459239925,1
Doug McDermott,-3.38533461992422,-3.13921277403802,-1.28737662328455,3.90822245123724,0.501201019740024,0.945295235259472,1
Nik Stauskas,-2.85002403931216,2.60001497087922,-1.05865594414996,1.20090979335164,0.919749788976234,0.373930071353297,1
Dwight Powell,0.229451236089434,-0.847684666005668,-0.0679748516579239,-2.33851047479616,-0.19700630602117,0.604661125197969,1
P.J. Hairston,-0.381514262173907,4.10744981046149,0.966961351350234,2.11222427135588,-0.689260248847939,0.290038974097951,1
Shabazz Napier,-3.71649400725465,0.605416890010212,-1.14049907240451,-1.49954185640217,-0.151608850186198,-0.308184583057917,1
Glenn Robinson III,0.499182840530002,2.09868405310326,-1.90871647769681,0.975463777277367,0.810060874978415,0.766671315286488,1
Noah Vonieh,2.76628795667355,0.46586300401491,0.763637836579185,-0.0289291839960681,-1.49479716083356,-0.97593069106036,1
Markel Brown,-1.26108758118459,0.230115218073571,-0.348378329287294,0.440294079171369,-0.0132320580139548,-0.0306015930032423,1
Semaj Christon,-2.0513801736098,-0.255612879391637,0.413625634531118,-1.28812925402226,1.84615719857995,1.5038165904788,1
Cleanthony Early,-0.39268234019506,0.707853398718216,-0.245991851303452,1.87257853402156,0.167568309241882,-1.68677803666553,0
K.J. McDaniels,-0.52100527007004,-1.15070894626455,-0.499115606302253,0.549550826759198,-0.857202147530403,-0.172291383604608,0
Josh Huestis,2.01831275803522,1.04213556393404,-1.81530185383916,-0.226280264608744,-2.28982166815789,0.722175344930591,0
Jordan McRae,-2.53745064996605,0.862006066117153,-0.771555294874443,1.03700459083496,0.338099427942793,0.571232075549868,0
Adreian Payne,0.412860657473043,-0.0178763098511468,0.296620280343749,1.38264701089173,-0.814797802511271,0.298428902107641,0
Tyler Ennis,-2.02309946626217,2.34496642061971,0.158819297935315,-2.16894041453701,0.101380223886323,0.733763708863543,0
Johnny O\'92Bryant,1.18313280045901,-2.41153082867591,0.298898088212952,-1.10444677008347,-0.556809962488679,1.14737993611463,0
Lamar Patterson,-2.64296642038352,1.29459520222039,-0.491055460193702,-0.518737569258437,-0.06605422681993,-0.127122790869248,0
Mitch McGary,4.52664201459413,1.04807536281735,6.06984736476483,-0.160259604943116,-1.09508196913105,0.581173361400933,0
Devyn Marble,-2.50106864059704,1.3677882947961,0.480503137404117,-0.361887697748361,0.581560132884333,1.1569170903804,0
Cory Jefferson,2.10694551495185,-0.473132662217836,-1.81599451422536,0.210672622148493,-0.448405545811107,1.17367758730733,0
Nick Johnson,-1.90869263416998,1.42637401074515,-1.29294134010455,0.0758855022790526,-0.0151062518075666,0.915034539355106,0
James Young,-1.36169943768367,2.81644881535317,-1.90454049927551,0.0281726088545268,-0.609284288128365,0.528939622331936,0
Jordan Adams,-1.55193603792361,0.252864392713228,-0.543558037728634,-0.0408453726802701,1.12739548314821,-0.627689276558159,0
C.J. Wilcox,-2.61929239925117,1.76428016190369,0.0418849870584984,1.90269129870922,-0.620064811749722,-0.631540757704838,0
Jarnell Stokes,2.11921115375828,-2.71403213164659,-1.19945099177511,-0.616944501790624,0.238565882969041,1.48440461004449,0
Russ Smith,-2.75480251375706,0.557952209772438,0.257488362522156,-1.0331934715379,1.41790994686714,-0.812153740089495,0
Cameron Bairstow,-0.00590221266238467,-4.16678133521297,0.236103754525151,1.01966785843267,1.58198066175318,1.1442677802044,0
DeAndre Daniels,0.837549642300526,1.79869022589226,-1.85285076286164,0.82304670606787,-1.50976683386365,0.14314628300397,0
Alec Brown,0.503292019369046,0.114232702887499,1.1840182334898,1.47027308918467,-1.62568962166816,-0.662399564546862,0
Xavier Thames,0.503292019369046,0.114232702887499,1.1840182334898,1.47027308918467,-1.62568962166816,-0.662399564546862,0
Karl-Anthony Towns,3.99401101981275,1.08938143556446,-1.42276604513513,0.351984274059942,0.422970583813036,-0.704180407860466,1
Devin Booker,1.5811183128112,6.31367066668177,1.16854735664846,2.83051153784536,0.725981483944099,1.00478064505081,1
Josh Richardson,-2.10424167822705,0.668827074805215,0.44163693185112,-1.16040395329364,-0.0365972685260924,-0.275762281112375,1
D\'92Angelo Russell,-3.5249026766266,0.441786516783525,-0.27897147496448,-0.445544789792088,-0.542428797462763,-0.2889106644567,1
Myles Turner,3.23738045566258,2.76122976238961,1.70971904895212,1.55310609086387,-1.29408052544765,0.895677081998197,1
Justise Winslow,1.00789507339774,1.43211276798704,-1.63433764921669,-1.03590574936695,-0.613230049577134,-0.644021521591095,1
Kelly Oubre Jr,2.11051123846098,4.42763224904513,-0.482924598379232,0.166591217437163,-0.317847273881605,0.821042677897374,1
Terry Rozier,-2.74304257244952,0.194113582396937,-0.702059520320847,-0.798911219300025,-0.297166827534851,1.4092558625967,1
Larry Nance Jr.,-0.177181547092879,-1.60388485968357,1.07270664685039,0.295505154015013,-0.23329075652321,-0.636018682264027,1
Willie Cauley-Stein,4.27555334441947,1.66106372330517,-1.66265203981206,-0.632495724518893,1.11441276643829,0.0360226180506509,1
Rondae Hollis-Jefferson,2.30216743179736,1.03962325665617,0.0744592513244562,-0.627071347381216,0.54504264153946,0.093590428005379,1
Delon Wright,-1.02530148031089,0.976972944552156,-0.264977298667082,-1.0221695954205,1.69250195972745,-0.541281391227021,1
Montrezl Harrell,1.97602314994416,-2.43607701746554,-1.24974541824074,0.0393752843501264,0.479414503543359,0.408336490336215,1
Norman Powell,-1.6031444648703,0.0470105421129719,-0.563915268130067,-0.720835138280151,0.173025815121412,0.472576706601321,1
Frank Kaminsky,-0.238183446828707,-1.8530643035003,-2.40607258566015,1.1416651289273,0.46571794526513,0.336883691295157,1
Richaun Holmes,2.3441201468137,-1.4491241032305,1.06198893009075,1.43390797444418,-0.520899282726278,-1.89187799650153,1
Andrew Harrison,-0.517029022465398,5.29239812283218,-0.881892165133048,-1.52652058046692,-0.166128062239303,1.21398873005976,1
Bobby Portis,1.04250276054715,-2.66304497939808,-1.33218544734949,0.896885810747563,-0.40514842365047,0.683445665729794,1
Stanley Johnson,-0.0873161810025351,0.982370039625246,-0.792538411723691,-0.917117370151616,-0.64693492409191,-0.10755176670995,1
Jahlil Okafor,3.2487701573026,-3.5859035691678,-1.82449982770367,0.165929872060843,2.54235358501638,0.754822346411248,1
Anthony Brown,-1.55927462279321,1.86220288788125,-1.31537999428456,-0.000216761007078015,-2.03820974594353,0.106396964981104,1
Trey Lyles,3.27050310181883,3.5020460341187,-0.00324425343890122,0.856032905462384,0.723077401720624,1.48057130565002,1
Jerian Grant,-2.61296507300997,0.994963722286234,-0.677305011842262,-1.30882121496155,2.30460845773538,-0.819861569546193,1
Tyus Jones,-2.06777951933636,3.91811167449392,-1.43454830548808,-1.6272282121787,0.560504133346247,0.604476436729313,1
Pat Connaughton,0.218798794652012,2.99558487497608,-2.45846657100202,1.16776197895598,-2.11633808927647,-1.64439753426155,1
Cameron Payne,-4.09519893241341,0.0316221177381042,0.845096304244172,0.123889577623366,0.697907366363398,-1.69654959168303,1
Jarell Martin,0.427584639048199,-2.98969603345001,0.326577662055736,-0.72762106412294,-0.347874982341086,0.091430676457259,1
Sam Dekker,1.17009953673694,1.84599285601266,-3.25494659645031,2.04230788574827,1.31468709756493,0.173235349296129,1
Kevon Looney,2.14779916158533,0.27705308027133,-1.1780706226492,-1.1051623019056,-1.94229789368774,-0.106499840725376,1
Justin Anderson,0.164939975867706,4.27643970510198,1.32539247340933,1.85202478989863,-0.734597701342442,0.701942665785662,0
Rashad Vaughn,-1.89453048727429,0.930016053401953,2.49481265555086,1.71046783829299,-1.50152394168291,0.339762765644276,0
Darrun Hilliard,-1.37174620453411,3.60211187140618,-0.651147697339163,0.616041177723587,-0.272175116052095,-0.648922641076276,0
Chris McCullough,2.36809768981829,1.55502321340783,3.97913147330467,-0.877891313815763,-2.85281312274537,-0.647395509318758,0
R.J. Hunter,-4.34856047562098,-0.16062982460598,1.00944081775381,0.114322374920589,-0.338309637885605,-1.79488866827894,0
Joe Young,-4.32747963850116,0.45618738676628,-1.1577675202459,1.52146761675256,0.238019721301597,0.660797854263968,0
Jordan Mickey,1.98771580394272,-3.58549645974774,0.714225180830984,-1.0229140762535,-1.76136662831986,0.742877429690199,0
RAkeem Christmas,1.94841870491364,-4.17264027481816,0.821534181518291,-0.528710369085504,-0.189052625137312,0.792566214493216,0
Dakari Johnson,5.24606073775726,4.95285800812744,1.79986064393109,0.738287705444745,1.2077648804353,1.95130298920794,0
Olivier Hanian,-3.38725886284648,-0.0411929033963052,0.201653456934278,0.139400076777186,0.23734673560325,0.67465131591988,0
Marcus Thorton,-4.11440903028786,1.67006893672346,0.285490491881422,2.60593487772654,0.395793744505073,-0.812546560361564,0
Aaron White,0.175203171245205,-0.648308635350381,-0.49655312481622,0.879883727930543,1.13640418859495,0.464448104815905,0
Tyler Harvey,-4.90132429562976,0.661306691117401,0.935028279319332,3.11075155648716,-0.0136184171150689,-2.28466597882403,0
Sir\'92Dominic Pointer,1.67808177108914,-1.33454296190995,0.135233102199308,-1.62256471060965,-0.138922198652069,-0.216163872540055,0
Cady Lalanne,3.8256926127598,-1.06231383039253,0.337269596300161,-0.196577878969809,-0.675048673539655,-0.763993557328501,0
J.P. Tokoto,1.2559187844599,3.24099476542668,-0.924881272908118,-3.18246081997179,-0.718519352500264,0.857550928581674,0
Ben Simmons,-0.111835318495775,-5.40591378883647,0.847987470236964,-2.52267639501739,0.613270038044258,-0.427595657828984,1
Brandon Ingram,-1.34145952853989,0.395041991425015,-1.21152539994382,0.224869273053885,-1.60669162210423,0.73900013643987,1
Jamal Murray,-3.10760708525444,0.799836290809672,-1.27122819077531,1.35225284864311,-0.722431301004641,-0.00948444293677519,1
Malcolm Brogdon,-2.59202132034378,1.24997695530143,-1.58957125626603,1.15558185364321,0.196724020621544,0.964865185417558,1
Buddy Hield,-4.52439370822361,-0.806372786614037,-1.47440093820793,2.12648269491177,0.123339766610148,-0.599354958843262,1
Jaylen Brown,-0.174683303075286,0.163892659448401,0.7684716558562,-1.29821916548272,-0.31281128537151,0.548942305136835,1
Pascal Siakam,0.967330877781014,-6.24913303494147,0.273887018501306,0.746155369745284,-1.06703539189003,-0.242181847727608,1
Domantas Sabonis,2.06561116141079,-4.40355893674003,-0.357734707447573,0.463446388152346,-0.115269147178485,-1.27018631162815,1
Caris LeVert,-1.17480683968121,1.90495534184774,3.79096618658598,1.85361034189783,0.0192826250540431,0.51733647301547,1
Taurean Prince,-1.16154047327315,0.541933054679062,-0.22428313541163,-0.524872242183513,-1.01006477637028,0.715948862483276,1
Kris Dunn,-2.47312849805571,-0.179662024790402,1.15490014930692,-3.21023183138048,0.247854570981365,-0.332639832883477,1
Dejounte Murray,-1.97099250013891,-0.525789624982356,0.314586992507035,-2.32602283817552,-0.59055214173574,1.00883703465141,1
Tyler Ulis,-3.67034472673111,1.42360684805582,-0.184367462494751,-0.984946858190225,1.31876044137515,0.685550495864838,1
Isaiah Whiteside,-4.03419999673747,1.10324735865378,0.816145409999733,-1.30425615930295,-1.00947473549109,1.01824363802054,1
Denzel Valentine,-3.70623485429554,1.18794566682237,0.124908671442234,0.329678289803083,-1.44477134289377,-0.719055998129403,1
Mailk Beasley,-0.623048426643866,1.41916144852918,-0.538538562127652,1.14140562025925,-0.280228484468886,0.297734120649718,1
DeAndre\'92 Bembry,-0.991796086499214,-1.80723514262671,-0.699551579903965,-0.718912018507555,-0.118927909491513,-0.210147015950619,1
Marquese Chriss,2.43321239479635,-0.0925998839031462,0.149856601148329,-0.0789292353530738,-0.116605832543319,-0.82178824499952,1
Jakob Poeltl,2.7517907365027,-3.4709745466843,-0.905599810952857,0.490254251670966,2.21488771593966,0.304448195134937,1
Skai Labissiere,5.3363592197525,4.57229769886589,0.918374779063156,0.59090293155336,0.536460839775825,1.0725077383121,1
Patrick McCaw,-1.58210450621626,1.93800197953975,0.358949326108292,-0.520733047610644,0.0370204149398013,-2.44173908854666,1
Tyrone Wallace,-0.931847413513969,0.324853754609966,1.77284407234984,-0.922703273641211,-0.14139310392418,1.33150830064978,1
Damian Jones,3.86413261646033,-1.4945874117564,0.102560814946432,-0.0116258275024926,1.03548117904525,0.720187388089443,0
Jake Layman,0.916979584015265,3.069573034667,-1.39450903907114,0.944440866269378,0.112266600868109,-1.67391543736775,0
Abdel Nader,0.353760446350697,2.18780953554184,-0.768949311247501,-0.223852230852341,-0.410746172197754,-0.799730671288521,0
Chinanu Onuaku,5.36874816129214,0.0730489023539472,0.350294950853111,-0.379543892428163,0.16422801168251,-0.777087840388753,0
Deyonta Davis,6.13500444494068,3.14318674497387,0.603691899836579,1.35580175221128,0.950367421196881,0.328403188028491,0
Cheick Diallo,7.20997828218732,7.54959190783147,3.07086941508211,1.87225032500898,1.73648525051776,1.75646821844151,0
Georges Niang,-1.22950992396421,-1.94226058559542,-0.982787603514084,0.847320469948144,0.484653435955065,-0.352633449705333,0
Wade Baldwin,-1.7734697062159,2.0708058942398,1.19936511092695,-1.81061613322001,0.0568655992878707,0.38426363424601,0
Henry Ellenson,-0.220304218994241,-2.24541102198976,0.0749705894784138,0.0247493483038098,-1.8432731208405,0.480437286006272,0
Daniel Hamilton,-1.25959051998445,1.5684007786468,-0.886287690484264,-1.30017491759897,-2.63353385750639,0.355769211051161,0
Kay Felder,-6.34801644135364,-2.72049942686333,1.85734735897031,-1.63712863267407,1.40977221886152,-1.30303361336085,0
Malachi Richardson,-1.94826493854334,3.30658076626487,-0.939670141850164,-1.02686451447943,-1.92807713174827,0.673003239822146,0
A.J. Hammons,3.06969790367676,-1.28196347606284,0.525083058387365,1.78090413350471,-0.189145960665102,-0.0228273856800283,0
Stephen Zimmerman,3.39307496093653,0.231690515688045,2.211961396238,-0.182429638369294,-2.44447485214184,-0.165496048363792,0
Marcus Paige,-1.60587793359496,4.98237769469946,-0.896156757546054,0.247276529973098,-0.50587016873188,0.760385781507039,0
Demetrius Jackson,-2.19130834240533,1.68703694579332,-0.714012323722283,-0.334943238011029,0.769819470966663,0.467164351366729,0
Brice Johnson,2.72241710285555,-3.47965767225427,-2.12659933368123,0.172100763995349,1.05999524819021,0.450273393271792,0
Joel Bolomboy,1.72188523427086,-4.01443408738084,0.640538391470358,1.19909066353845,-0.667795311691685,-2.54793067595189,0
Michael Gbinijie,-2.77409263484237,1.07078277402751,-0.984368571877313,-1.28866157171293,0.168720447010723,-0.859939973372813,0
Diamond Stone,3.55990836037658,0.692866973661257,0.510728352713522,1.29334818371355,1.43515757943215,1.35993599485623,0
Ben Bentil,-1.50887176479385,-2.72455344266963,-0.386054873673586,1.13461038186837,-0.499462162437706,0.97606494058518,0
Isaiah Cousins,-1.73817299005832,3.3342649435718,-1.36627322318585,-1.81690307069778,-1.23971007579711,1.13537758705159,0